feedback_id,channel,user_tier,category,priority,status,vehicle_id,city,content_raw,content_summary,created_at,closed_at,assigned_to,csat_score,contact_name,contact_phone,contact_allowed,location_detail
FB-20260727-M0024,scan_qr,RaaS商户,建议,P3,已闭环,NX-SZ-0046,武汉,建议支持预约固定时段用车，我们每天下午都要发一批货,[建议] 建议支持预约固定时段用车，我们每天下午都要发一批货,2026-07-27 01:45,2026-07-29 01:31,陈杰,1,,13999699648,否,
FB-20260727-M0007,manual,网点经理,故障,P1,已闭环,NX-TS-0079,深圳,今天两台车同时趴窝，网点到驿站的接驳全断了，损失不小,[故障] 今天两台车同时趴窝，网点到驿站的接驳全断了，损失不小,2026-07-27 03:50,2026-07-27 07:19,王强,5,,,否,深圳驿站站点门口
FB-20260727-M0005,hotline,收件人,建议,P3,已闭环,NX-TS-0170,武汉,建议取件通知提前十分钟发，不然赶不上车,[建议] 建议取件通知提前十分钟发，不然赶不上车,2026-07-27 04:43,2026-07-29 01:10,刘敏,2,,13503926142,否,
FB-20260727-M0011,manual,网点经理,体验,P2,已闭环,NX-BJ-0414,深圳,月租扣费对不上账，多扣了一次，找谁核对？,[体验] 月租扣费对不上账，多扣了一次，找谁核对？,2026-07-27 04:55,2026-07-27 12:34,刘敏,5,钱先生,13698640790,,深圳大学北门学生宿舍区
FB-20260727-M0009,scan_qr,路人社区,投诉,P3,已闭环,NX-SZ-0384,武汉,小区里车速有点快，建议限速，孩子多的地方危险,[投诉] 小区里车速有点快，建议限速，孩子多的地方危险,2026-07-27 05:03,2026-07-27 10:43,陈杰,1,冯阿姨,,否,武汉驿站站点门口
FB-20260727-M0008,hotline,快递员,体验,P2,已闭环,NX-QD-0175,成都,雨天车速特别慢，比平时晚了9分钟，能不能优化下,[体验] 雨天车速特别慢，比平时晚了9分钟，能不能优化下,2026-07-27 05:35,2026-07-27 12:46,张伟,3,,13439376904,是,成都万达广场B1快递柜旁
FB-20260727-M0022,scan_qr,收件人,投诉,P2,已闭环,NX-TS-0479,成都,包裹在车里放了一天才通知我取，里面生鲜都坏了,[投诉] 包裹在车里放了一天才通知我取，里面生鲜都坏了,2026-07-27 06:23,2026-07-27 09:32,陈杰,1,,13129391304,是,
FB-20260727-M0003,wechat_group,网点经理,故障,P1,已闭环,NX-QD-0115,成都,车辆充电桩故障，明早的班次跑不了，急需处理,[故障] 车辆充电桩故障，明早的班次跑不了，急需处理,2026-07-27 06:45,2026-07-27 13:35,张伟,3,吴师傅,13826137506,是,成都中心医院门诊部门口
FB-20260727-M0015,social_media,收件人,建议,P3,已闭环,NX-TS-0064,武汉,建议取件通知提前十分钟发，不然赶不上车,[建议] 建议取件通知提前十分钟发，不然赶不上车,2026-07-27 07:19,2026-07-28 03:01,刘敏,1,,,否,
FB-20260727-M0001,wechat_group,快递员,体验,P2,已闭环,NX-TS-0377,青岛,app上显示车已到，实际还差两条街，白跑一趟,[体验] app上显示车已到，实际还差两条街，白跑一趟,2026-07-27 09:18,2026-07-27 19:44,陈杰,2,,,,青岛幸福里小区西门
FB-20260727-M0014,scan_qr,快递员,体验,P2,已闭环,NX-QD-0483,北京,app上显示车已到，实际还差两条街，白跑一趟,[体验] app上显示车已到，实际还差两条街，白跑一趟,2026-07-27 09:27,2026-07-27 10:21,王强,5,,13843356708,否,北京地铁2号线C出口
FB-20260727-M0023,hotline,RaaS商户,建议,P3,已闭环,NX-SJZ-0351,武汉,建议支持预约固定时段用车，我们每天下午都要发一批货,[建议] 建议支持预约固定时段用车，我们每天下午都要发一批货,2026-07-27 09:27,2026-07-28 06:37,刘敏,3,周女士,13260030835,是,武汉朝阳小区3号楼东门
FB-20260727-M0020,hotline,收件人,建议,P3,已闭环,NX-QD-0319,苏州,建议取件通知提前十分钟发，不然赶不上车,[建议] 建议取件通知提前十分钟发，不然赶不上车,2026-07-27 09:47,2026-07-29 00:43,王强,4,周女士,,是,苏州写字楼大堂快递点
FB-20260727-M0006,hotline,收件人,建议,P3,已闭环,NX-BJ-0191,无锡,建议取件通知提前十分钟发，不然赶不上车,[建议] 建议取件通知提前十分钟发，不然赶不上车,2026-07-27 10:28,2026-07-28 08:39,赵磊,1,吴师傅,,是,无锡大学北门学生宿舍区
FB-20260727-M0017,social_media,收件人,建议,P3,已闭环,NX-SZ-0338,成都,建议取件通知提前十分钟发，不然赶不上车,[建议] 建议取件通知提前十分钟发，不然赶不上车,2026-07-27 14:36,2026-07-28 15:00,陈杰,4,,,,
FB-20260727-M0018,hotline,RaaS商户,投诉,P2,已闭环,NX-SZ-0259,天水,扫码开柜失败三次，货卡在车里取不出来，耽误我给客户交货,[投诉] 扫码开柜失败三次，货卡在车里取不出来，耽误我给客户交货,2026-07-27 15:49,2026-07-28 13:41,李娜,4,,,,天水万达广场B1快递柜旁
FB-20260727-M0019,scan_qr,RaaS商户,建议,P3,已闭环,NX-QD-0495,深圳,建议支持预约固定时段用车，我们每天下午都要发一批货,[建议] 建议支持预约固定时段用车，我们每天下午都要发一批货,2026-07-27 16:35,2026-07-28 18:46,赵磊,4,吴师傅,13342491289,否,深圳幼儿园门口接送区
FB-20260727-M0016,manual,网点经理,故障,P1,已闭环,NX-SZ-0488,北京,今天两台车同时趴窝，网点到驿站的接驳全断了，损失不小,[故障] 今天两台车同时趴窝，网点到驿站的接驳全断了，损失不小,2026-07-27 16:51,2026-07-27 22:59,赵磊,5,朱女士,,,
FB-20260727-M0004,hotline,快递员,建议,P3,已闭环,NX-SZ-0236,天水,希望车上加个保温格，夏天生鲜件不敢放,[建议] 希望车上加个保温格，夏天生鲜件不敢放,2026-07-27 18:18,2026-07-28 02:02,李娜,5,郑经理,,否,天水生鲜超市收货区
FB-20260727-M0002,hotline,网点经理,故障,P1,已闭环,NX-QD-0412,青岛,今天两台车同时趴窝，网点到驿站的接驳全断了，损失不小,[故障] 今天两台车同时趴窝，网点到驿站的接驳全断了，损失不小,2026-07-27 18:20,2026-07-28 00:26,张伟,5,钱先生,,,青岛生鲜超市收货区
FB-20260727-M0010,didi_review,RaaS商户,投诉,P2,已闭环,NX-QD-0013,北京,扫码开柜失败三次，货卡在车里取不出来，耽误我给客户交货,[投诉] 扫码开柜失败三次，货卡在车里取不出来，耽误我给客户交货,2026-07-27 20:09,2026-07-27 20:45,刘敏,3,,13474929751,,北京驿站站点门口
FB-20260727-M0013,hotline,收件人,投诉,P2,已闭环,NX-SZ-0372,无锡,取件时柜门夹了一下手，虽然没受伤但很吓人，要给个说法,[投诉] 取件时柜门夹了一下手，虽然没受伤但很吓人，要给个说法,2026-07-27 22:00,2026-07-28 17:56,赵磊,2,,13673899756,,无锡驿站站点门口
FB-20260727-M0021,social_media,路人社区,投诉,P3,已闭环,NX-TS-0395,苏州,小区里车速有点快，建议限速，孩子多的地方危险,[投诉] 小区里车速有点快，建议限速，孩子多的地方危险,2026-07-27 22:01,2026-07-28 14:40,刘敏,4,,13863239791,,
FB-20260727-M0012,hotline,监管方,投诉,P1,已闭环,NX-SJZ-0063,青岛,贵司车辆占用消防通道停放，请24小时内整改并回复,[投诉] 贵司车辆占用消防通道停放，请24小时内整改并回复,2026-07-27 23:10,2026-07-28 05:07,李娜,3,,,,
FB-20260728-M0006,didi_review,RaaS商户,建议,P3,已闭环,NX-SZ-0012,杭州,建议支持预约固定时段用车，我们每天下午都要发一批货,[建议] 建议支持预约固定时段用车，我们每天下午都要发一批货,2026-07-28 00:32,2026-07-29 18:55,李娜,4,冯阿姨,13225913651,否,杭州幼儿园门口接送区
FB-20260728-M0018,hotline,收件人,投诉,P2,已闭环,NX-BJ-0069,北京,取件时柜门夹了一下手，虽然没受伤但很吓人，要给个说法,[投诉] 取件时柜门夹了一下手，虽然没受伤但很吓人，要给个说法,2026-07-28 02:02,2026-07-28 13:10,张伟,5,钱先生,,否,
FB-20260728-M0011,social_media,收件人,体验,P2,已闭环,NX-QD-0357,天水,取件码输了没反应，柜门不开，站在车边上等了31分钟,[体验] 取件码输了没反应，柜门不开，站在车边上等了31分钟,2026-07-28 02:58,2026-07-28 06:23,张伟,2,朱女士,,,天水生鲜超市收货区
FB-20260728-M0020,wechat_group,快递员,体验,P2,已闭环,NX-TS-0076,苏州,雨天车速特别慢，比平时晚了39分钟，能不能优化下,[体验] 雨天车速特别慢，比平时晚了39分钟，能不能优化下,2026-07-28 04:15,2026-07-28 17:24,陈杰,5,,13458220673,是,
FB-20260728-M0005,hotline,路人社区,投诉,P3,已闭环,NX-TS-0324,成都,小区里车速有点快，建议限速，孩子多的地方危险,[投诉] 小区里车速有点快，建议限速，孩子多的地方危险,2026-07-28 08:26,2026-07-30 07:27,李娜,2,,13547226984,,
FB-20260728-M0016,wechat_group,快递员,体验,P2,已闭环,NX-BJ-0301,深圳,雨天车速特别慢，比平时晚了15分钟，能不能优化下,[体验] 雨天车速特别慢，比平时晚了15分钟，能不能优化下,2026-07-28 09:10,2026-07-28 19:25,赵磊,4,,13874312710,是,深圳生鲜超市收货区
FB-20260728-M0017,hotline,网点经理,建议,P3,已闭环,NX-BJ-0397,石家庄,建议给网点开个数据后台，能看每台车每天跑了多少单,[建议] 建议给网点开个数据后台，能看每台车每天跑了多少单,2026-07-28 09:59,2026-07-28 15:10,王强,4,朱女士,,是,石家庄幼儿园门口接送区
FB-20260728-M0003,hotline,快递员,建议,P3,已闭环,NX-SZ-0140,成都,建议增加夜间接驳班次，早上到岗就能直接派件,[建议] 建议增加夜间接驳班次，早上到岗就能直接派件,2026-07-28 11:59,2026-07-30 08:09,李娜,1,马老板,13400499154,否,成都科技园南门斑马线
FB-20260728-M0001,social_media,收件人,体验,P2,已闭环,NX-QD-0320,苏州,取件码输了没反应，柜门不开，站在车边上等了29分钟,[体验] 取件码输了没反应，柜门不开，站在车边上等了29分钟,2026-07-28 12:16,2026-07-28 13:48,王强,4,,,否,苏州万达广场B1快递柜旁
FB-20260728-M0008,hotline,网点经理,体验,P2,已闭环,NX-SJZ-0250,石家庄,月租扣费对不上账，多扣了一次，找谁核对？,[体验] 月租扣费对不上账，多扣了一次，找谁核对？,2026-07-28 15:14,2026-07-28 21:45,赵磊,5,,,是,
FB-20260728-M0021,wechat_group,网点经理,建议,P3,已闭环,NX-SJZ-0451,无锡,希望合同里明确雨雪天停运的责任划分,[建议] 希望合同里明确雨雪天停运的责任划分,2026-07-28 15:33,2026-07-29 01:15,刘敏,3,周女士,13321269428,否,无锡科技园南门斑马线
FB-20260728-M0004,scan_qr,RaaS商户,投诉,P2,已闭环,NX-SZ-0498,石家庄,运费比谈好的贵了，说是里程算法调整，事先没通知,[投诉] 运费比谈好的贵了，说是里程算法调整，事先没通知,2026-07-28 16:05,2026-07-29 07:40,陈杰,4,朱女士,13704774349,是,石家庄大学北门学生宿舍区
FB-20260728-M0007,wechat_group,网点经理,故障,P1,已闭环,NX-SZ-0377,杭州,今天两台车同时趴窝，网点到驿站的接驳全断了，损失不小,[故障] 今天两台车同时趴窝，网点到驿站的接驳全断了，损失不小,2026-07-28 16:52,2026-07-28 20:13,张伟,5,,,是,杭州朝阳小区3号楼东门
FB-20260728-M0019,hotline,RaaS商户,投诉,P2,已闭环,NX-QD-0128,深圳,扫码开柜失败三次，货卡在车里取不出来，耽误我给客户交货,[投诉] 扫码开柜失败三次，货卡在车里取不出来，耽误我给客户交货,2026-07-28 17:36,2026-07-29 12:46,陈杰,3,郑经理,13396384526,,
FB-20260728-M0015,scan_qr,快递员,故障,P1,已闭环,NX-SJZ-0048,青岛,无人车半路停在小区门口不动了，后面一车货都在上面,[故障] 无人车半路停在小区门口不动了，后面一车货都在上面,2026-07-28 18:02,2026-07-29 00:02,刘敏,5,朱女士,,,青岛朝阳小区3号楼东门
FB-20260728-M0013,wechat_group,快递员,体验,P2,已闭环,NX-BJ-0477,无锡,app上显示车已到，实际还差两条街，白跑一趟,[体验] app上显示车已到，实际还差两条街，白跑一趟,2026-07-28 18:08,2026-07-29 00:59,张伟,5,郑经理,,否,
FB-20260728-M0012,hotline,网点经理,故障,P1,已闭环,NX-BJ-0185,无锡,今天两台车同时趴窝，网点到驿站的接驳全断了，损失不小,[故障] 今天两台车同时趴窝，网点到驿站的接驳全断了，损失不小,2026-07-28 18:09,2026-07-28 18:39,张伟,5,朱女士,13436172131,,无锡幼儿园门口接送区
FB-20260728-M0002,hotline,收件人,体验,P2,已闭环,NX-TS-0452,天水,通知说车到楼下了，下去发现车已经开走了,[体验] 通知说车到楼下了，下去发现车已经开走了,2026-07-28 19:31,2026-07-28 20:33,赵磊,2,,,是,天水地铁2号线C出口
FB-20260728-M0009,social_media,路人社区,投诉,P3,已闭环,NX-SJZ-0019,深圳,小区里车速有点快，建议限速，孩子多的地方危险,[投诉] 小区里车速有点快，建议限速，孩子多的地方危险,2026-07-28 21:34,2026-07-30 11:02,赵磊,4,,,,深圳地铁2号线C出口
FB-20260728-M0010,hotline,收件人,体验,P2,已闭环,NX-TS-0024,深圳,通知说车到楼下了，下去发现车已经开走了,[体验] 通知说车到楼下了，下去发现车已经开走了,2026-07-28 21:50,2026-07-29 07:12,赵磊,3,,13287772519,否,深圳中心医院门诊部门口
FB-20260728-M0014,hotline,RaaS商户,建议,P3,已闭环,NX-TS-0017,天水,建议支持预约固定时段用车，我们每天下午都要发一批货,[建议] 建议支持预约固定时段用车，我们每天下午都要发一批货,2026-07-28 23:30,2026-07-30 20:46,赵磊,5,钱先生,13290193588,,
FB-20260729-M0002,didi_review,RaaS商户,体验,P2,已闭环,NX-QD-0282,杭州,下单后等了30分钟车才到，比页面预估晚了一倍，急单只能改叫货拉拉,[体验] 下单后等了30分钟车才到，比页面预估晚了一倍，急单只能改叫货...,2026-07-29 00:42,2026-07-29 21:37,李娜,4,钱先生,,否,
FB-20260729-M0018,hotline,路人社区,投诉,P3,已闭环,NX-BJ-0438,深圳,小区里车速有点快，建议限速，孩子多的地方危险,[投诉] 小区里车速有点快，建议限速，孩子多的地方危险,2026-07-29 01:44,2026-07-30 10:25,王强,4,,,是,
FB-20260729-M0009,hotline,快递员,建议,P3,已闭环,NX-SZ-0335,成都,建议增加夜间接驳班次，早上到岗就能直接派件,[建议] 建议增加夜间接驳班次，早上到岗就能直接派件,2026-07-29 01:52,2026-07-30 06:00,李娜,4,,,否,
FB-20260729-M0031,wechat_group,网点经理,体验,P2,已闭环,NX-SJZ-0026,石家庄,大促期间车次不够用，能不能临时加车？上报了10天没回音,[体验] 大促期间车次不够用，能不能临时加车？上报了10天没回音,2026-07-29 04:00,2026-07-29 21:29,赵磊,3,周女士,13751910231,是,石家庄写字楼大堂快递点
FB-20260729-M0032,social_media,收件人,体验,P2,已闭环,NX-SZ-0430,石家庄,取件的格子太高，老人踮脚都够不着,[体验] 取件的格子太高，老人踮脚都够不着,2026-07-29 04:09,2026-07-29 20:19,赵磊,3,周女士,,,石家庄幸福里小区西门
FB-20260729-M0012,scan_qr,RaaS商户,建议,P3,已闭环,NX-SZ-0373,石家庄,建议支持预约固定时段用车，我们每天下午都要发一批货,[建议] 建议支持预约固定时段用车，我们每天下午都要发一批货,2026-07-29 04:11,2026-07-29 11:10,张伟,5,马老板,13973502080,是,石家庄科技园南门斑马线
FB-20260729-M0016,hotline,快递员,体验,P2,已闭环,NX-TS-0372,深圳,雨天车速特别慢，比平时晚了21分钟，能不能优化下,[体验] 雨天车速特别慢，比平时晚了21分钟，能不能优化下,2026-07-29 06:27,2026-07-29 19:30,刘敏,5,吴师傅,,否,
FB-20260729-M0024,wechat_group,快递员,建议,P3,已闭环,NX-SJZ-0061,苏州,希望车上加个保温格，夏天生鲜件不敢放,[建议] 希望车上加个保温格，夏天生鲜件不敢放,2026-07-29 08:18,2026-07-30 06:40,赵磊,3,,,否,
FB-20260729-M0013,scan_qr,RaaS商户,建议,P3,已闭环,NX-SZ-0122,杭州,建议支持预约固定时段用车，我们每天下午都要发一批货,[建议] 建议支持预约固定时段用车，我们每天下午都要发一批货,2026-07-29 09:11,2026-07-30 22:13,李娜,5,马老板,13212309407,否,杭州朝阳小区3号楼东门
FB-20260729-M0025,scan_qr,快递员,体验,P2,已闭环,NX-SZ-0103,石家庄,装货的时候柜格分配不合理，大件塞不进去只能空着跑,[体验] 装货的时候柜格分配不合理，大件塞不进去只能空着跑,2026-07-29 09:42,2026-07-29 12:23,刘敏,4,,,否,石家庄万达广场B1快递柜旁
FB-20260729-M0020,hotline,快递员,建议,P3,已闭环,NX-SZ-0264,苏州,建议增加夜间接驳班次，早上到岗就能直接派件,[建议] 建议增加夜间接驳班次，早上到岗就能直接派件,2026-07-29 09:46,2026-07-31 01:56,刘敏,2,周女士,,是,苏州幼儿园门口接送区
FB-20260729-M0027,hotline,网点经理,建议,P3,已闭环,NX-TS-0472,石家庄,建议给网点开个数据后台，能看每台车每天跑了多少单,[建议] 建议给网点开个数据后台，能看每台车每天跑了多少单,2026-07-29 09:49,2026-07-30 18:08,张伟,3,郑经理,13203758309,是,
FB-20260729-M0004,scan_qr,快递员,体验,P2,已闭环,NX-TS-0114,杭州,装货的时候柜格分配不合理，大件塞不进去只能空着跑,[体验] 装货的时候柜格分配不合理，大件塞不进去只能空着跑,2026-07-29 09:54,2026-07-30 05:18,赵磊,4,,13817549651,否,杭州驿站站点门口
FB-20260729-M0007,wechat_group,网点经理,建议,P3,已闭环,NX-QD-0106,武汉,希望合同里明确雨雪天停运的责任划分,[建议] 希望合同里明确雨雪天停运的责任划分,2026-07-29 13:05,2026-07-31 08:10,陈杰,5,朱女士,13652341389,否,武汉美食街路口
FB-20260729-M0030,social_media,路人社区,安全,P0,已闭环,NX-SZ-0467,无锡,车过路口没让行人，差点撞到推婴儿车的，太危险了,[安全] 车过路口没让行人，差点撞到推婴儿车的，太危险了,2026-07-29 14:48,2026-07-29 16:14,赵磊,4,马老板,,否,
FB-20260729-M0021,scan_qr,收件人,建议,P3,已闭环,NX-BJ-0294,天水,建议取件通知提前十分钟发，不然赶不上车,[建议] 建议取件通知提前十分钟发，不然赶不上车,2026-07-29 14:59,2026-07-30 18:50,王强,2,钱先生,13686334141,是,
FB-20260729-M0026,hotline,路人社区,安全,P0,已闭环,NX-BJ-0251,北京,车过路口没让行人，差点撞到推婴儿车的，太危险了,[安全] 车过路口没让行人，差点撞到推婴儿车的，太危险了,2026-07-29 15:10,2026-07-29 16:08,李娜,5,马老板,13076502412,否,北京生鲜超市收货区
FB-20260729-M0001,scan_qr,路人社区,投诉,P3,已闭环,NX-SZ-0109,天水,小区里车速有点快，建议限速，孩子多的地方危险,[投诉] 小区里车速有点快，建议限速，孩子多的地方危险,2026-07-29 15:53,2026-07-31 12:46,王强,5,马老板,,否,天水大学北门学生宿舍区
FB-20260729-M0015,hotline,收件人,体验,P2,已闭环,NX-SJZ-0249,天水,通知说车到楼下了，下去发现车已经开走了,[体验] 通知说车到楼下了，下去发现车已经开走了,2026-07-29 16:00,2026-07-30 09:55,李娜,4,,,否,
FB-20260729-M0017,hotline,收件人,体验,P2,已闭环,NX-SZ-0067,青岛,取件的格子太高，老人踮脚都够不着,[体验] 取件的格子太高，老人踮脚都够不着,2026-07-29 16:37,2026-07-30 04:50,赵磊,4,马老板,,否,青岛科技园南门斑马线
FB-20260729-M0023,manual,网点经理,体验,P2,已闭环,NX-SJZ-0118,青岛,月租扣费对不上账，多扣了一次，找谁核对？,[体验] 月租扣费对不上账，多扣了一次，找谁核对？,2026-07-29 16:44,2026-07-29 23:02,张伟,3,周女士,,否,青岛幼儿园门口接送区
FB-20260729-M0029,wechat_group,快递员,故障,P1,已闭环,NX-SJZ-0309,杭州,车到驿站门口柜门打不开，急着派件，卡了快26分钟了,[故障] 车到驿站门口柜门打不开，急着派件，卡了快26分钟了,2026-07-29 16:58,2026-07-29 18:46,陈杰,4,,13624813235,否,杭州生鲜超市收货区
FB-20260729-M0011,hotline,RaaS商户,建议,P3,已闭环,NX-QD-0080,石家庄,建议支持预约固定时段用车，我们每天下午都要发一批货,[建议] 建议支持预约固定时段用车，我们每天下午都要发一批货,2026-07-29 17:35,2026-07-30 15:12,王强,1,,13979688457,否,石家庄大学北门学生宿舍区
FB-20260729-M0014,social_media,路人社区,投诉,P3,已闭环,NX-SJZ-0097,成都,小区里车速有点快，建议限速，孩子多的地方危险,[投诉] 小区里车速有点快，建议限速，孩子多的地方危险,2026-07-29 18:03,2026-07-30 12:05,陈杰,4,钱先生,13403696566,是,成都科技园南门斑马线
FB-20260729-M0003,scan_qr,RaaS商户,体验,P2,已闭环,NX-BJ-0467,深圳,下单后等了29分钟车才到，比页面预估晚了一倍，急单只能改叫货拉拉,[体验] 下单后等了29分钟车才到，比页面预估晚了一倍，急单只能改叫货...,2026-07-29 18:06,2026-07-30 00:10,陈杰,4,,,是,深圳幼儿园门口接送区
FB-20260729-M0033,wechat_group,快递员,建议,P3,已闭环,NX-SZ-0171,武汉,希望车上加个保温格，夏天生鲜件不敢放,[建议] 希望车上加个保温格，夏天生鲜件不敢放,2026-07-29 18:49,2026-07-30 21:33,刘敏,3,,13230091561,否,武汉朝阳小区3号楼东门
FB-20260729-M0019,manual,网点经理,建议,P3,已闭环,NX-TS-0192,深圳,建议给网点开个数据后台，能看每台车每天跑了多少单,[建议] 建议给网点开个数据后台，能看每台车每天跑了多少单,2026-07-29 18:50,2026-07-30 02:23,刘敏,5,,13289731791,是,
FB-20260729-M0006,wechat_group,网点经理,建议,P3,已闭环,NX-QD-0361,成都,建议给网点开个数据后台，能看每台车每天跑了多少单,[建议] 建议给网点开个数据后台，能看每台车每天跑了多少单,2026-07-29 19:10,2026-07-31 00:56,王强,3,,,否,成都驿站站点门口
FB-20260729-M0022,wechat_group,网点经理,体验,P2,已闭环,NX-BJ-0050,深圳,月租扣费对不上账，多扣了一次，找谁核对？,[体验] 月租扣费对不上账，多扣了一次，找谁核对？,2026-07-29 19:29,2026-07-30 11:22,王强,4,马老板,13233305912,是,
FB-20260729-M0010,manual,网点经理,故障,P1,已闭环,NX-TS-0248,成都,车辆充电桩故障，明早的班次跑不了，急需处理,[故障] 车辆充电桩故障，明早的班次跑不了，急需处理,2026-07-29 19:36,2026-07-29 22:50,王强,5,,,否,成都大学北门学生宿舍区
FB-20260729-M0008,wechat_group,快递员,建议,P3,已闭环,NX-BJ-0236,石家庄,建议增加夜间接驳班次，早上到岗就能直接派件,[建议] 建议增加夜间接驳班次，早上到岗就能直接派件,2026-07-29 19:53,2026-07-30 01:19,赵磊,4,,,,
FB-20260729-M0028,hotline,路人社区,投诉,P3,已闭环,NX-TS-0169,无锡,小区里车速有点快，建议限速，孩子多的地方危险,[投诉] 小区里车速有点快，建议限速，孩子多的地方危险,2026-07-29 19:53,2026-07-31 05:42,刘敏,4,周女士,,是,
FB-20260729-M0005,hotline,快递员,建议,P3,已闭环,NX-TS-0315,无锡,希望车上加个保温格，夏天生鲜件不敢放,[建议] 希望车上加个保温格，夏天生鲜件不敢放,2026-07-29 19:55,2026-07-31 15:55,赵磊,5,冯阿姨,13983273158,是,无锡中心医院门诊部门口
FB-20260729-M0034,hotline,快递员,建议,P3,已闭环,NX-SJZ-0026,杭州,希望车上加个保温格，夏天生鲜件不敢放,[建议] 希望车上加个保温格，夏天生鲜件不敢放,2026-07-29 20:03,2026-07-30 18:04,赵磊,3,,,,
FB-20260730-M0007,hotline,RaaS商户,体验,P2,已闭环,NX-SJZ-0085,青岛,下单后等了9分钟车才到，比页面预估晚了一倍，急单只能改叫货拉拉,[体验] 下单后等了9分钟车才到，比页面预估晚了一倍，急单只能改叫货拉...,2026-07-30 02:19,2026-07-31 01:06,刘敏,4,,,否,青岛生鲜超市收货区
FB-20260730-M0009,scan_qr,收件人,建议,P3,已闭环,NX-BJ-0389,天水,建议取件通知提前十分钟发，不然赶不上车,[建议] 建议取件通知提前十分钟发，不然赶不上车,2026-07-30 03:52,2026-07-30 14:57,赵磊,4,,,否,
FB-20260730-M0013,scan_qr,RaaS商户,建议,P3,已闭环,NX-BJ-0363,苏州,建议支持预约固定时段用车，我们每天下午都要发一批货,[建议] 建议支持预约固定时段用车，我们每天下午都要发一批货,2026-07-30 04:00,2026-07-31 00:02,张伟,4,,13443009109,否,
FB-20260730-M0001,scan_qr,快递员,建议,P3,已闭环,NX-SJZ-0476,成都,建议增加夜间接驳班次，早上到岗就能直接派件,[建议] 建议增加夜间接驳班次，早上到岗就能直接派件,2026-07-30 04:48,2026-07-31 06:36,陈杰,5,,,是,
FB-20260730-M0002,social_media,路人社区,体验,P2,已闭环,NX-QD-0393,石家庄,半夜车经过提示音太响，吵得没法睡觉,[体验] 半夜车经过提示音太响，吵得没法睡觉,2026-07-30 05:30,2026-07-30 06:27,王强,4,,13100330923,是,石家庄幸福里小区西门
FB-20260730-M0010,manual,网点经理,体验,P2,已闭环,NX-BJ-0204,杭州,大促期间车次不够用，能不能临时加车？上报了19天没回音,[体验] 大促期间车次不够用，能不能临时加车？上报了19天没回音,2026-07-30 06:46,2026-07-30 13:36,张伟,5,朱女士,13270267288,,杭州驿站站点门口
FB-20260730-M0020,wechat_group,快递员,体验,P2,已闭环,NX-QD-0456,天水,app上显示车已到，实际还差两条街，白跑一趟,[体验] app上显示车已到，实际还差两条街，白跑一趟,2026-07-30 07:18,2026-07-30 14:49,赵磊,5,朱女士,13480797050,否,天水万达广场B1快递柜旁
FB-20260730-M0033,scan_qr,收件人,建议,P3,已闭环,NX-BJ-0040,武汉,建议取件通知提前十分钟发，不然赶不上车,[建议] 建议取件通知提前十分钟发，不然赶不上车,2026-07-30 07:46,2026-08-01 03:23,王强,2,,,是,
FB-20260730-M0032,hotline,网点经理,故障,P1,已闭环,NX-BJ-0014,杭州,今天两台车同时趴窝，网点到驿站的接驳全断了，损失不小,[故障] 今天两台车同时趴窝，网点到驿站的接驳全断了，损失不小,2026-07-30 08:09,2026-07-30 10:45,王强,3,,,是,杭州地铁2号线C出口
FB-20260730-M0011,social_media,收件人,投诉,P2,已闭环,NX-BJ-0023,天水,包裹在车里放了一天才通知我取，里面生鲜都坏了,[投诉] 包裹在车里放了一天才通知我取，里面生鲜都坏了,2026-07-30 08:12,2026-07-30 21:00,李娜,4,,,是,天水驿站站点门口
FB-20260730-M0018,manual,监管方,安全,P0,已闭环,NX-TS-0259,无锡,接群众举报贵司车辆在未报备路段运营，请立即说明情况,[安全] 接群众举报贵司车辆在未报备路段运营，请立即说明情况,2026-07-30 08:22,2026-07-30 10:07,王强,5,,13289141612,,
FB-20260730-M0004,hotline,网点经理,体验,P2,已闭环,NX-BJ-0141,武汉,大促期间车次不够用，能不能临时加车？上报了25天没回音,[体验] 大促期间车次不够用，能不能临时加车？上报了25天没回音,2026-07-30 08:39,2026-07-30 10:24,李娜,4,吴师傅,13688767677,是,武汉幸福里小区西门
FB-20260730-M0016,scan_qr,快递员,体验,P2,已闭环,NX-SJZ-0494,石家庄,app上显示车已到，实际还差两条街，白跑一趟,[体验] app上显示车已到，实际还差两条街，白跑一趟,2026-07-30 08:51,2026-07-31 02:56,王强,5,吴师傅,13347649078,是,石家庄中心医院门诊部门口
FB-20260730-M0015,didi_review,RaaS商户,体验,P2,已闭环,NX-BJ-0397,石家庄,车到了以后找不到具体停哪，电话也没人接，转了两圈才找到,[体验] 车到了以后找不到具体停哪，电话也没人接，转了两圈才找到,2026-07-30 08:56,2026-07-31 08:38,刘敏,4,,13401322342,是,石家庄万达广场B1快递柜旁
FB-20260730-M0025,manual,网点经理,建议,P3,已闭环,NX-SZ-0306,天水,希望合同里明确雨雪天停运的责任划分,[建议] 希望合同里明确雨雪天停运的责任划分,2026-07-30 09:45,2026-07-30 21:46,刘敏,2,钱先生,,是,
FB-20260730-M0012,wechat_group,快递员,建议,P3,已闭环,NX-SJZ-0095,无锡,建议增加夜间接驳班次，早上到岗就能直接派件,[建议] 建议增加夜间接驳班次，早上到岗就能直接派件,2026-07-30 09:46,2026-07-30 11:40,张伟,5,,,是,无锡幸福里小区西门
FB-20260730-M0008,scan_qr,收件人,体验,P2,已闭环,NX-BJ-0465,杭州,取件码输了没反应，柜门不开，站在车边上等了21分钟,[体验] 取件码输了没反应，柜门不开，站在车边上等了21分钟,2026-07-30 12:22,2026-07-31 05:23,张伟,5,马老板,,否,杭州朝阳小区3号楼东门
FB-20260730-M0028,wechat_group,网点经理,故障,P1,已闭环,NX-BJ-0091,北京,今天两台车同时趴窝，网点到驿站的接驳全断了，损失不小,[故障] 今天两台车同时趴窝，网点到驿站的接驳全断了，损失不小,2026-07-30 12:45,2026-07-30 20:39,李娜,4,冯阿姨,,否,北京驿站站点门口
FB-20260730-M0014,scan_qr,路人社区,投诉,P3,已闭环,NX-SZ-0042,武汉,小区里车速有点快，建议限速，孩子多的地方危险,[投诉] 小区里车速有点快，建议限速，孩子多的地方危险,2026-07-30 13:48,2026-07-30 16:27,张伟,5,冯阿姨,13625827390,是,武汉科技园南门斑马线
FB-20260730-M0031,scan_qr,路人社区,投诉,P3,已闭环,NX-TS-0118,武汉,小区里车速有点快，建议限速，孩子多的地方危险,[投诉] 小区里车速有点快，建议限速，孩子多的地方危险,2026-07-30 14:28,2026-07-31 03:32,张伟,2,,,否,武汉地铁2号线C出口
FB-20260730-M0022,hotline,快递员,体验,P2,已闭环,NX-TS-0248,天水,装货的时候柜格分配不合理，大件塞不进去只能空着跑,[体验] 装货的时候柜格分配不合理，大件塞不进去只能空着跑,2026-07-30 14:33,2026-07-31 02:52,张伟,3,,13577584745,否,天水大学北门学生宿舍区
FB-20260730-M0003,social_media,路人社区,投诉,P3,已闭环,NX-TS-0193,成都,小区里车速有点快，建议限速，孩子多的地方危险,[投诉] 小区里车速有点快，建议限速，孩子多的地方危险,2026-07-30 15:02,2026-07-31 18:43,王强,3,马老板,13263689702,否,成都写字楼大堂快递点
FB-20260730-M0023,scan_qr,快递员,体验,P2,已闭环,NX-BJ-0289,深圳,装货的时候柜格分配不合理，大件塞不进去只能空着跑,[体验] 装货的时候柜格分配不合理，大件塞不进去只能空着跑,2026-07-30 15:10,2026-07-31 03:41,刘敏,4,马老板,13197546617,否,深圳地铁2号线C出口
FB-20260730-M0026,hotline,快递员,建议,P3,已闭环,NX-QD-0173,无锡,建议增加夜间接驳班次，早上到岗就能直接派件,[建议] 建议增加夜间接驳班次，早上到岗就能直接派件,2026-07-30 15:10,2026-07-31 10:30,李娜,5,钱先生,13967379487,是,
FB-20260730-M0034,hotline,网点经理,建议,P3,已闭环,NX-TS-0378,苏州,建议给网点开个数据后台，能看每台车每天跑了多少单,[建议] 建议给网点开个数据后台，能看每台车每天跑了多少单,2026-07-30 16:18,2026-08-01 04:24,陈杰,5,孙先生,,,苏州幸福里小区西门
FB-20260730-M0019,hotline,网点经理,体验,P2,已闭环,NX-BJ-0423,无锡,月租扣费对不上账，多扣了一次，找谁核对？,[体验] 月租扣费对不上账，多扣了一次，找谁核对？,2026-07-30 18:10,2026-07-31 08:51,刘敏,2,,,否,无锡科技园南门斑马线
FB-20260730-M0017,hotline,RaaS商户,投诉,P2,已闭环,NX-BJ-0227,成都,扫码开柜失败三次，货卡在车里取不出来，耽误我给客户交货,[投诉] 扫码开柜失败三次，货卡在车里取不出来，耽误我给客户交货,2026-07-30 18:21,2026-07-31 01:35,李娜,5,朱女士,13328632666,,
FB-20260730-M0024,scan_qr,RaaS商户,建议,P3,已闭环,NX-SZ-0310,石家庄,建议支持预约固定时段用车，我们每天下午都要发一批货,[建议] 建议支持预约固定时段用车，我们每天下午都要发一批货,2026-07-30 18:58,2026-07-31 07:03,李娜,5,,13751376515,否,
FB-20260730-M0030,scan_qr,快递员,建议,P3,已闭环,NX-SJZ-0307,武汉,希望车上加个保温格，夏天生鲜件不敢放,[建议] 希望车上加个保温格，夏天生鲜件不敢放,2026-07-30 19:09,2026-07-31 15:19,王强,1,钱先生,13377693663,是,
FB-20260730-M0027,hotline,路人社区,投诉,P3,已闭环,NX-QD-0394,北京,小区里车速有点快，建议限速，孩子多的地方危险,[投诉] 小区里车速有点快，建议限速，孩子多的地方危险,2026-07-30 19:42,2026-08-01 15:20,李娜,5,钱先生,13607455534,否,北京美食街路口
FB-20260730-M0005,hotline,收件人,投诉,P2,已闭环,NX-TS-0384,青岛,包裹在车里放了一天才通知我取，里面生鲜都坏了,[投诉] 包裹在车里放了一天才通知我取，里面生鲜都坏了,2026-07-30 20:09,2026-07-30 22:47,陈杰,5,孙先生,,是,青岛中心医院门诊部门口
FB-20260730-M0029,social_media,收件人,投诉,P2,已闭环,NX-BJ-0129,天水,取件时柜门夹了一下手，虽然没受伤但很吓人，要给个说法,[投诉] 取件时柜门夹了一下手，虽然没受伤但很吓人，要给个说法,2026-07-30 20:58,2026-07-31 04:42,赵磊,2,,13989992751,否,天水幼儿园门口接送区
FB-20260730-M0006,hotline,RaaS商户,体验,P2,已闭环,NX-TS-0334,天水,下单后等了10分钟车才到，比页面预估晚了一倍，急单只能改叫货拉拉,[体验] 下单后等了10分钟车才到，比页面预估晚了一倍，急单只能改叫货...,2026-07-30 21:28,2026-07-30 22:14,赵磊,5,,13100676267,,天水万达广场B1快递柜旁
FB-20260730-M0021,hotline,网点经理,体验,P2,已闭环,NX-SZ-0192,天水,大促期间车次不够用，能不能临时加车？上报了28天没回音,[体验] 大促期间车次不够用，能不能临时加车？上报了28天没回音,2026-07-30 23:01,2026-07-31 06:36,李娜,5,,13776655868,,天水科技园南门斑马线
FB-20260731-M0019,social_media,收件人,投诉,P2,已闭环,NX-SZ-0284,青岛,取件时柜门夹了一下手，虽然没受伤但很吓人，要给个说法,[投诉] 取件时柜门夹了一下手，虽然没受伤但很吓人，要给个说法,2026-07-31 00:18,2026-07-31 03:24,赵磊,5,,,是,青岛中心医院门诊部门口
FB-20260731-M0012,social_media,收件人,建议,P3,已闭环,NX-TS-0443,杭州,建议取件通知提前十分钟发，不然赶不上车,[建议] 建议取件通知提前十分钟发，不然赶不上车,2026-07-31 00:33,2026-07-31 06:06,李娜,4,孙先生,13244204380,是,杭州写字楼大堂快递点
FB-20260731-M0018,didi_review,RaaS商户,建议,P3,已闭环,NX-BJ-0423,无锡,建议支持预约固定时段用车，我们每天下午都要发一批货,[建议] 建议支持预约固定时段用车，我们每天下午都要发一批货,2026-07-31 00:50,2026-07-31 06:23,张伟,3,周女士,13797245723,是,
FB-20260731-M0008,scan_qr,路人社区,体验,P2,已闭环,NX-BJ-0164,成都,车停在人行道正中间挡路，轮椅都过不去,[体验] 车停在人行道正中间挡路，轮椅都过不去,2026-07-31 01:24,2026-07-31 20:16,陈杰,4,,,,成都地铁2号线C出口
FB-20260731-M0011,hotline,网点经理,建议,P3,已闭环,NX-SJZ-0053,苏州,建议给网点开个数据后台，能看每台车每天跑了多少单,[建议] 建议给网点开个数据后台，能看每台车每天跑了多少单,2026-07-31 05:08,2026-08-01 10:49,刘敏,4,马老板,13083505830,否,苏州大学北门学生宿舍区
FB-20260731-M0020,wechat_group,网点经理,故障,P1,已闭环,NX-BJ-0488,青岛,今天两台车同时趴窝，网点到驿站的接驳全断了，损失不小,[故障] 今天两台车同时趴窝，网点到驿站的接驳全断了，损失不小,2026-07-31 09:01,2026-07-31 13:55,赵磊,4,,,是,
FB-20260731-M0004,wechat_group,快递员,体验,P2,已闭环,NX-QD-0111,武汉,雨天车速特别慢，比平时晚了26分钟，能不能优化下,[体验] 雨天车速特别慢，比平时晚了26分钟，能不能优化下,2026-07-31 09:08,2026-07-31 10:32,李娜,2,吴师傅,,否,武汉万达广场B1快递柜旁
FB-20260731-M0006,hotline,网点经理,故障,P1,已闭环,NX-BJ-0024,武汉,车辆充电桩故障，明早的班次跑不了，急需处理,[故障] 车辆充电桩故障，明早的班次跑不了，急需处理,2026-07-31 09:13,2026-07-31 16:58,张伟,3,钱先生,,是,武汉生鲜超市收货区
FB-20260731-M0007,hotline,快递员,故障,P1,已闭环,NX-SJZ-0030,无锡,今早车没按时到网点，等到11点才来，派件全耽误了,[故障] 今早车没按时到网点，等到11点才来，派件全耽误了,2026-07-31 09:34,2026-07-31 12:31,李娜,4,,,否,
FB-20260731-M0024,social_media,路人社区,投诉,P3,已闭环,NX-TS-0175,无锡,小区里车速有点快，建议限速，孩子多的地方危险,[投诉] 小区里车速有点快，建议限速，孩子多的地方危险,2026-07-31 09:37,2026-08-01 10:49,李娜,5,,13339527536,否,
FB-20260731-M0002,hotline,网点经理,建议,P3,已闭环,NX-SZ-0205,武汉,希望合同里明确雨雪天停运的责任划分,[建议] 希望合同里明确雨雪天停运的责任划分,2026-07-31 12:09,2026-07-31 13:48,李娜,5,周女士,,,武汉美食街路口
FB-20260731-M0022,wechat_group,快递员,建议,P3,已闭环,NX-SZ-0141,北京,希望车上加个保温格，夏天生鲜件不敢放,[建议] 希望车上加个保温格，夏天生鲜件不敢放,2026-07-31 12:36,2026-08-01 01:29,赵磊,5,,,是,北京生鲜超市收货区
FB-20260731-M0021,scan_qr,收件人,建议,P3,已闭环,NX-QD-0431,深圳,建议取件通知提前十分钟发，不然赶不上车,[建议] 建议取件通知提前十分钟发，不然赶不上车,2026-07-31 14:32,2026-08-01 04:30,陈杰,3,朱女士,,是,深圳朝阳小区3号楼东门
FB-20260731-M0017,wechat_group,快递员,建议,P3,已闭环,NX-SZ-0161,石家庄,希望车上加个保温格，夏天生鲜件不敢放,[建议] 希望车上加个保温格，夏天生鲜件不敢放,2026-07-31 15:04,2026-08-02 04:24,赵磊,4,,,否,
FB-20260731-M0025,social_media,路人社区,投诉,P3,已闭环,NX-BJ-0219,成都,小区里车速有点快，建议限速，孩子多的地方危险,[投诉] 小区里车速有点快，建议限速，孩子多的地方危险,2026-07-31 16:50,2026-08-01 21:45,赵磊,3,,13748207365,是,成都幼儿园门口接送区
FB-20260731-M0010,social_media,路人社区,体验,P2,已闭环,NX-TS-0451,石家庄,车停在人行道正中间挡路，轮椅都过不去,[体验] 车停在人行道正中间挡路，轮椅都过不去,2026-07-31 18:07,2026-08-01 04:21,王强,5,,,,石家庄万达广场B1快递柜旁
FB-20260731-M0014,hotline,网点经理,故障,P1,已闭环,NX-SZ-0371,石家庄,今天两台车同时趴窝，网点到驿站的接驳全断了，损失不小,[故障] 今天两台车同时趴窝，网点到驿站的接驳全断了，损失不小,2026-07-31 18:26,2026-07-31 19:16,陈杰,5,,13344144885,,
FB-20260731-M0009,hotline,路人社区,体验,P2,已闭环,NX-QD-0468,武汉,半夜车经过提示音太响，吵得没法睡觉,[体验] 半夜车经过提示音太响，吵得没法睡觉,2026-07-31 18:33,2026-08-01 03:26,陈杰,4,吴师傅,13348039652,是,武汉美食街路口
FB-20260731-M0001,wechat_group,快递员,建议,P3,已闭环,NX-SJZ-0419,北京,建议增加夜间接驳班次，早上到岗就能直接派件,[建议] 建议增加夜间接驳班次，早上到岗就能直接派件,2026-07-31 18:51,2026-08-02 03:10,刘敏,3,吴师傅,,是,
FB-20260731-M0016,scan_qr,路人社区,体验,P2,已闭环,NX-SJZ-0224,北京,半夜车经过提示音太响，吵得没法睡觉,[体验] 半夜车经过提示音太响，吵得没法睡觉,2026-07-31 19:05,2026-07-31 22:31,赵磊,5,孙先生,,是,北京写字楼大堂快递点
FB-20260731-M0003,hotline,快递员,建议,P3,已闭环,NX-TS-0253,深圳,建议增加夜间接驳班次，早上到岗就能直接派件,[建议] 建议增加夜间接驳班次，早上到岗就能直接派件,2026-07-31 19:38,2026-08-02 07:42,刘敏,4,周女士,,是,
FB-20260731-M0023,scan_qr,收件人,建议,P3,已闭环,NX-BJ-0009,青岛,建议取件通知提前十分钟发，不然赶不上车,[建议] 建议取件通知提前十分钟发，不然赶不上车,2026-07-31 20:24,2026-08-02 19:54,刘敏,4,孙先生,,,青岛科技园南门斑马线
FB-20260731-M0026,hotline,快递员,建议,P3,已闭环,NX-QD-0321,青岛,建议增加夜间接驳班次，早上到岗就能直接派件,[建议] 建议增加夜间接驳班次，早上到岗就能直接派件,2026-07-31 20:36,2026-08-01 13:06,张伟,2,郑经理,,是,青岛地铁2号线C出口
FB-20260731-M0013,manual,网点经理,体验,P2,已闭环,NX-SZ-0141,青岛,月租扣费对不上账，多扣了一次，找谁核对？,[体验] 月租扣费对不上账，多扣了一次，找谁核对？,2026-07-31 22:51,2026-08-01 20:18,陈杰,3,朱女士,13240778487,是,青岛大学北门学生宿舍区
FB-20260731-M0005,scan_qr,RaaS商户,体验,P2,已闭环,NX-SZ-0270,石家庄,下单后等了16分钟车才到，比页面预估晚了一倍，急单只能改叫货拉拉,[体验] 下单后等了16分钟车才到，比页面预估晚了一倍，急单只能改叫货...,2026-07-31 23:32,2026-08-01 05:18,刘敏,1,,13705895782,否,石家庄中心医院门诊部门口
FB-20260731-M0015,hotline,网点经理,体验,P2,已闭环,NX-BJ-0264,石家庄,月租扣费对不上账，多扣了一次，找谁核对？,[体验] 月租扣费对不上账，多扣了一次，找谁核对？,2026-07-31 23:40,2026-08-01 11:04,赵磊,4,,13580464989,,
FB-20260801-M0022,hotline,快递员,体验,P2,已闭环,NX-QD-0268,石家庄,app上显示车已到，实际还差两条街，白跑一趟,[体验] app上显示车已到，实际还差两条街，白跑一趟,2026-08-01 00:10,2026-08-01 12:53,王强,5,周女士,13672872866,是,石家庄地铁2号线C出口
FB-20260801-M0023,scan_qr,RaaS商户,体验,P2,已闭环,NX-SZ-0282,武汉,车到了以后找不到具体停哪，电话也没人接，转了两圈才找到,[体验] 车到了以后找不到具体停哪，电话也没人接，转了两圈才找到,2026-08-01 01:48,2026-08-02 01:10,刘敏,4,郑经理,13826911633,,武汉科技园南门斑马线
FB-20260801-M0037,hotline,路人社区,投诉,P3,已闭环,NX-TS-0313,石家庄,小区里车速有点快，建议限速，孩子多的地方危险,[投诉] 小区里车速有点快，建议限速，孩子多的地方危险,2026-08-01 01:53,2026-08-02 17:16,刘敏,5,钱先生,,,
FB-20260801-M0011,scan_qr,收件人,建议,P3,已闭环,NX-BJ-0437,无锡,建议取件通知提前十分钟发，不然赶不上车,[建议] 建议取件通知提前十分钟发，不然赶不上车,2026-08-01 04:46,2026-08-02 15:38,王强,2,,,,无锡万达广场B1快递柜旁
FB-20260801-M0015,scan_qr,收件人,建议,P3,已闭环,NX-TS-0406,北京,建议取件通知提前十分钟发，不然赶不上车,[建议] 建议取件通知提前十分钟发，不然赶不上车,2026-08-01 05:15,2026-08-01 13:14,张伟,5,,,,北京写字楼大堂快递点
FB-20260801-M0019,wechat_group,网点经理,建议,P3,已闭环,NX-SZ-0130,苏州,建议给网点开个数据后台，能看每台车每天跑了多少单,[建议] 建议给网点开个数据后台，能看每台车每天跑了多少单,2026-08-01 05:41,2026-08-02 15:59,赵磊,4,,,是,
FB-20260801-M0013,social_media,路人社区,投诉,P3,已闭环,NX-QD-0318,成都,小区里车速有点快，建议限速，孩子多的地方危险,[投诉] 小区里车速有点快，建议限速，孩子多的地方危险,2026-08-01 06:07,2026-08-03 02:19,王强,4,,,,
FB-20260801-M0035,wechat_group,网点经理,建议,P3,已闭环,NX-BJ-0167,青岛,建议给网点开个数据后台，能看每台车每天跑了多少单,[建议] 建议给网点开个数据后台，能看每台车每天跑了多少单,2026-08-01 06:17,2026-08-02 21:36,李娜,5,马老板,,是,青岛科技园南门斑马线
FB-20260801-M0032,social_media,路人社区,体验,P2,已闭环,NX-SZ-0056,青岛,半夜车经过提示音太响，吵得没法睡觉,[体验] 半夜车经过提示音太响，吵得没法睡觉,2026-08-01 07:25,2026-08-02 03:15,张伟,2,,,否,青岛朝阳小区3号楼东门
FB-20260801-M0010,hotline,快递员,故障,P1,已闭环,NX-SZ-0406,天水,今早车没按时到网点，等到9点才来，派件全耽误了,[故障] 今早车没按时到网点，等到9点才来，派件全耽误了,2026-08-01 07:54,2026-08-01 12:20,赵磊,4,朱女士,,是,天水科技园南门斑马线
FB-20260801-M0024,scan_qr,路人社区,投诉,P3,已闭环,NX-TS-0325,无锡,小区里车速有点快，建议限速，孩子多的地方危险,[投诉] 小区里车速有点快，建议限速，孩子多的地方危险,2026-08-01 08:09,2026-08-02 09:26,王强,5,,,,
FB-20260801-M0029,hotline,RaaS商户,投诉,P2,已闭环,NX-SJZ-0448,石家庄,运费比谈好的贵了，说是里程算法调整，事先没通知,[投诉] 运费比谈好的贵了，说是里程算法调整，事先没通知,2026-08-01 08:44,2026-08-02 07:47,李娜,3,朱女士,13054857417,是,石家庄美食街路口
FB-20260801-M0018,hotline,快递员,故障,P1,已闭环,NX-SJZ-0184,无锡,车到驿站门口柜门打不开，急着派件，卡了快29分钟了,[故障] 车到驿站门口柜门打不开，急着派件，卡了快29分钟了,2026-08-01 09:18,2026-08-01 14:39,赵磊,2,冯阿姨,,否,
FB-20260801-M0020,scan_qr,快递员,建议,P3,已闭环,NX-SJZ-0047,石家庄,建议增加夜间接驳班次，早上到岗就能直接派件,[建议] 建议增加夜间接驳班次，早上到岗就能直接派件,2026-08-01 09:20,2026-08-01 16:51,王强,4,,,,石家庄美食街路口
FB-20260801-M0005,wechat_group,网点经理,体验,P2,已闭环,NX-QD-0027,苏州,大促期间车次不够用，能不能临时加车？上报了26天没回音,[体验] 大促期间车次不够用，能不能临时加车？上报了26天没回音,2026-08-01 09:50,2026-08-02 07:29,李娜,5,,13284210205,,苏州朝阳小区3号楼东门
FB-20260801-M0031,scan_qr,RaaS商户,体验,P2,已闭环,NX-SJZ-0204,成都,车到了以后找不到具体停哪，电话也没人接，转了两圈才找到,[体验] 车到了以后找不到具体停哪，电话也没人接，转了两圈才找到,2026-08-01 10:10,2026-08-01 18:15,陈杰,5,,,,成都驿站站点门口
FB-20260801-M0003,hotline,收件人,体验,P2,已闭环,NX-BJ-0260,天水,取件的格子太高，老人踮脚都够不着,[体验] 取件的格子太高，老人踮脚都够不着,2026-08-01 10:19,2026-08-01 13:21,赵磊,5,朱女士,13319314919,,天水写字楼大堂快递点
FB-20260801-M0001,hotline,网点经理,体验,P2,已闭环,NX-SJZ-0030,石家庄,大促期间车次不够用，能不能临时加车？上报了28天没回音,[体验] 大促期间车次不够用，能不能临时加车？上报了28天没回音,2026-08-01 10:34,2026-08-02 09:28,李娜,2,,,否,
FB-20260801-M0036,hotline,路人社区,投诉,P3,已闭环,NX-BJ-0134,成都,小区里车速有点快，建议限速，孩子多的地方危险,[投诉] 小区里车速有点快，建议限速，孩子多的地方危险,2026-08-01 11:08,2026-08-01 14:41,赵磊,5,周女士,,是,成都驿站站点门口
FB-20260801-M0026,didi_review,RaaS商户,建议,P3,已闭环,NX-SZ-0176,深圳,建议支持预约固定时段用车，我们每天下午都要发一批货,[建议] 建议支持预约固定时段用车，我们每天下午都要发一批货,2026-08-01 11:31,2026-08-01 12:19,赵磊,2,,,是,
FB-20260801-M0027,wechat_group,网点经理,建议,P3,已闭环,NX-QD-0081,武汉,建议给网点开个数据后台，能看每台车每天跑了多少单,[建议] 建议给网点开个数据后台，能看每台车每天跑了多少单,2026-08-01 14:13,2026-08-02 05:18,李娜,5,,,否,武汉写字楼大堂快递点
FB-20260801-M0034,social_media,收件人,建议,P3,已闭环,NX-SZ-0010,深圳,建议取件通知提前十分钟发，不然赶不上车,[建议] 建议取件通知提前十分钟发，不然赶不上车,2026-08-01 16:14,2026-08-02 04:05,陈杰,4,,13370033228,是,
FB-20260801-M0028,scan_qr,路人社区,体验,P2,已闭环,NX-BJ-0125,武汉,车停在人行道正中间挡路，轮椅都过不去,[体验] 车停在人行道正中间挡路，轮椅都过不去,2026-08-01 17:01,2026-08-02 12:45,李娜,5,,13505665883,,武汉地铁2号线C出口
FB-20260801-M0008,social_media,路人社区,投诉,P3,已闭环,NX-SJZ-0341,武汉,小区里车速有点快，建议限速，孩子多的地方危险,[投诉] 小区里车速有点快，建议限速，孩子多的地方危险,2026-08-01 18:15,2026-08-02 09:03,赵磊,5,马老板,13798089324,否,武汉幼儿园门口接送区
FB-20260801-M0004,wechat_group,网点经理,体验,P2,已闭环,NX-SJZ-0293,成都,大促期间车次不够用，能不能临时加车？上报了22天没回音,[体验] 大促期间车次不够用，能不能临时加车？上报了22天没回音,2026-08-01 18:21,2026-08-02 16:48,刘敏,4,,13499727875,是,成都大学北门学生宿舍区
FB-20260801-M0025,scan_qr,收件人,建议,P3,已闭环,NX-QD-0141,无锡,建议取件通知提前十分钟发，不然赶不上车,[建议] 建议取件通知提前十分钟发，不然赶不上车,2026-08-01 18:38,2026-08-02 07:59,赵磊,4,马老板,,,无锡驿站站点门口
FB-20260801-M0009,didi_review,RaaS商户,体验,P2,已闭环,NX-SZ-0251,青岛,下单后等了13分钟车才到，比页面预估晚了一倍，急单只能改叫货拉拉,[体验] 下单后等了13分钟车才到，比页面预估晚了一倍，急单只能改叫货...,2026-08-01 18:58,2026-08-01 20:51,李娜,5,,,是,
FB-20260801-M0007,manual,网点经理,体验,P2,已闭环,NX-SJZ-0306,成都,大促期间车次不够用，能不能临时加车？上报了26天没回音,[体验] 大促期间车次不够用，能不能临时加车？上报了26天没回音,2026-08-01 19:12,2026-08-02 01:01,刘敏,5,周女士,,否,成都大学北门学生宿舍区
FB-20260801-M0002,social_media,收件人,投诉,P2,已闭环,NX-TS-0219,杭州,包裹在车里放了一天才通知我取，里面生鲜都坏了,[投诉] 包裹在车里放了一天才通知我取，里面生鲜都坏了,2026-08-01 19:14,2026-08-01 23:52,陈杰,2,,13317278895,,
FB-20260801-M0012,didi_review,RaaS商户,体验,P2,已闭环,NX-BJ-0333,深圳,下单后等了19分钟车才到，比页面预估晚了一倍，急单只能改叫货拉拉,[体验] 下单后等了19分钟车才到，比页面预估晚了一倍，急单只能改叫货...,2026-08-01 19:14,2026-08-01 21:12,王强,4,郑经理,,,深圳生鲜超市收货区
FB-20260801-M0006,social_media,路人社区,体验,P2,已闭环,NX-QD-0408,青岛,车停在人行道正中间挡路，轮椅都过不去,[体验] 车停在人行道正中间挡路，轮椅都过不去,2026-08-01 19:29,2026-08-02 13:42,王强,3,钱先生,,否,青岛生鲜超市收货区
FB-20260801-M0017,wechat_group,网点经理,体验,P2,已闭环,NX-SZ-0146,北京,月租扣费对不上账，多扣了一次，找谁核对？,[体验] 月租扣费对不上账，多扣了一次，找谁核对？,2026-08-01 20:07,2026-08-02 07:33,刘敏,4,钱先生,,否,北京生鲜超市收货区
FB-20260801-M0021,social_media,收件人,建议,P3,已闭环,NX-BJ-0015,石家庄,建议取件通知提前十分钟发，不然赶不上车,[建议] 建议取件通知提前十分钟发，不然赶不上车,2026-08-01 20:31,2026-08-03 02:06,李娜,4,,,,
FB-20260801-M0016,social_media,路人社区,投诉,P3,已闭环,NX-SZ-0392,天水,小区里车速有点快，建议限速，孩子多的地方危险,[投诉] 小区里车速有点快，建议限速，孩子多的地方危险,2026-08-01 22:43,2026-08-02 21:00,赵磊,4,,13286852897,,天水大学北门学生宿舍区
FB-20260801-M0030,scan_qr,路人社区,体验,P2,已闭环,NX-QD-0439,青岛,半夜车经过提示音太响，吵得没法睡觉,[体验] 半夜车经过提示音太响，吵得没法睡觉,2026-08-01 22:49,2026-08-02 18:28,赵磊,3,,13983541165,否,
FB-20260801-M0033,social_media,收件人,投诉,P2,已闭环,NX-SJZ-0281,成都,包裹在车里放了一天才通知我取，里面生鲜都坏了,[投诉] 包裹在车里放了一天才通知我取，里面生鲜都坏了,2026-08-01 23:22,2026-08-02 07:48,张伟,4,,,否,成都中心医院门诊部门口
FB-20260801-M0014,social_media,收件人,建议,P3,已闭环,NX-BJ-0108,苏州,建议取件通知提前十分钟发，不然赶不上车,[建议] 建议取件通知提前十分钟发，不然赶不上车,2026-08-01 23:47,2026-08-03 04:09,李娜,1,吴师傅,,是,
FB-20260802-M0007,hotline,路人社区,安全,P0,已闭环,NX-BJ-0305,无锡,无人车在小区门口跟电动车剐蹭了，骑车人摔倒了，快来处理,[安全] 无人车在小区门口跟电动车剐蹭了，骑车人摔倒了，快来处理,2026-08-02 01:37,2026-08-02 02:52,张伟,5,,,是,
FB-20260802-M0021,social_media,收件人,投诉,P2,已闭环,NX-TS-0062,深圳,包裹在车里放了一天才通知我取，里面生鲜都坏了,[投诉] 包裹在车里放了一天才通知我取，里面生鲜都坏了,2026-08-02 02:43,2026-08-02 19:07,赵磊,3,,,是,
FB-20260802-M0023,hotline,RaaS商户,投诉,P2,已闭环,NX-QD-0361,天水,运费比谈好的贵了，说是里程算法调整，事先没通知,[投诉] 运费比谈好的贵了，说是里程算法调整，事先没通知,2026-08-02 02:43,2026-08-02 05:29,李娜,5,孙先生,13155323415,否,天水生鲜超市收货区
FB-20260802-M0008,social_media,收件人,投诉,P2,已闭环,NX-QD-0450,天水,取件时柜门夹了一下手，虽然没受伤但很吓人，要给个说法,[投诉] 取件时柜门夹了一下手，虽然没受伤但很吓人，要给个说法,2026-08-02 07:06,2026-08-03 03:36,赵磊,2,吴师傅,,是,
FB-20260802-M0005,scan_qr,RaaS商户,体验,P2,已闭环,NX-BJ-0117,青岛,下单后等了22分钟车才到，比页面预估晚了一倍，急单只能改叫货拉拉,[体验] 下单后等了22分钟车才到，比页面预估晚了一倍，急单只能改叫货...,2026-08-02 07:49,2026-08-03 05:27,赵磊,5,周女士,13917785079,是,青岛万达广场B1快递柜旁
FB-20260802-M0011,hotline,快递员,建议,P3,已闭环,NX-BJ-0325,苏州,希望车上加个保温格，夏天生鲜件不敢放,[建议] 希望车上加个保温格，夏天生鲜件不敢放,2026-08-02 08:05,2026-08-03 21:38,赵磊,2,朱女士,,,
FB-20260802-M0015,didi_review,RaaS商户,建议,P3,已闭环,NX-TS-0079,杭州,建议支持预约固定时段用车，我们每天下午都要发一批货,[建议] 建议支持预约固定时段用车，我们每天下午都要发一批货,2026-08-02 08:08,2026-08-02 13:50,赵磊,5,吴师傅,13030569067,是,杭州中心医院门诊部门口
FB-20260802-M0022,didi_review,RaaS商户,投诉,P2,已闭环,NX-QD-0330,成都,运费比谈好的贵了，说是里程算法调整，事先没通知,[投诉] 运费比谈好的贵了，说是里程算法调整，事先没通知,2026-08-02 08:09,2026-08-02 22:55,李娜,3,郑经理,13394290458,,成都幼儿园门口接送区
FB-20260802-M0012,wechat_group,快递员,体验,P2,已闭环,NX-SZ-0446,石家庄,装货的时候柜格分配不合理，大件塞不进去只能空着跑,[体验] 装货的时候柜格分配不合理，大件塞不进去只能空着跑,2026-08-02 08:37,2026-08-02 22:44,李娜,4,,,是,石家庄万达广场B1快递柜旁
FB-20260802-M0009,social_media,路人社区,投诉,P3,已闭环,NX-BJ-0033,青岛,小区里车速有点快，建议限速，孩子多的地方危险,[投诉] 小区里车速有点快，建议限速，孩子多的地方危险,2026-08-02 08:54,2026-08-04 02:25,王强,5,吴师傅,13865890260,,青岛幼儿园门口接送区
FB-20260802-M0010,scan_qr,快递员,体验,P2,已闭环,NX-BJ-0104,青岛,雨天车速特别慢，比平时晚了7分钟，能不能优化下,[体验] 雨天车速特别慢，比平时晚了7分钟，能不能优化下,2026-08-02 08:59,2026-08-03 08:37,赵磊,4,,,否,
FB-20260802-M0018,scan_qr,路人社区,投诉,P3,已闭环,NX-QD-0497,无锡,小区里车速有点快，建议限速，孩子多的地方危险,[投诉] 小区里车速有点快，建议限速，孩子多的地方危险,2026-08-02 09:12,2026-08-04 01:11,赵磊,3,,,,无锡幸福里小区西门
FB-20260802-M0025,manual,监管方,投诉,P1,已闭环,NX-BJ-0492,青岛,贵司车辆占用消防通道停放，请24小时内整改并回复,[投诉] 贵司车辆占用消防通道停放，请24小时内整改并回复,2026-08-02 09:13,2026-08-02 10:12,王强,4,马老板,,否,
FB-20260802-M0019,scan_qr,收件人,体验,P2,已闭环,NX-TS-0056,北京,通知说车到楼下了，下去发现车已经开走了,[体验] 通知说车到楼下了，下去发现车已经开走了,2026-08-02 09:30,2026-08-03 05:36,刘敏,5,钱先生,,否,
FB-20260802-M0001,hotline,RaaS商户,投诉,P2,已闭环,NX-QD-0390,深圳,运费比谈好的贵了，说是里程算法调整，事先没通知,[投诉] 运费比谈好的贵了，说是里程算法调整，事先没通知,2026-08-02 10:53,2026-08-02 22:22,刘敏,5,,13699016272,是,深圳生鲜超市收货区
FB-20260802-M0027,scan_qr,收件人,投诉,P2,已闭环,NX-SJZ-0304,石家庄,包裹在车里放了一天才通知我取，里面生鲜都坏了,[投诉] 包裹在车里放了一天才通知我取，里面生鲜都坏了,2026-08-02 14:51,2026-08-02 18:40,张伟,5,马老板,,,石家庄幼儿园门口接送区
FB-20260802-M0020,manual,网点经理,建议,P3,已闭环,NX-QD-0447,杭州,希望合同里明确雨雪天停运的责任划分,[建议] 希望合同里明确雨雪天停运的责任划分,2026-08-02 15:11,2026-08-03 14:06,李娜,3,吴师傅,13039773973,,杭州万达广场B1快递柜旁
FB-20260802-M0014,manual,网点经理,体验,P2,已闭环,NX-BJ-0003,武汉,月租扣费对不上账，多扣了一次，找谁核对？,[体验] 月租扣费对不上账，多扣了一次，找谁核对？,2026-08-02 16:04,2026-08-02 18:48,王强,5,郑经理,,是,
FB-20260802-M0006,wechat_group,网点经理,体验,P2,已闭环,NX-SZ-0433,青岛,月租扣费对不上账，多扣了一次，找谁核对？,[体验] 月租扣费对不上账，多扣了一次，找谁核对？,2026-08-02 16:42,2026-08-02 23:48,张伟,5,马老板,13506149731,是,
FB-20260802-M0028,social_media,收件人,体验,P2,已闭环,NX-TS-0135,深圳,取件码输了没反应，柜门不开，站在车边上等了36分钟,[体验] 取件码输了没反应，柜门不开，站在车边上等了36分钟,2026-08-02 18:59,2026-08-03 04:31,张伟,5,周女士,,是,
FB-20260802-M0002,scan_qr,RaaS商户,建议,P3,已闭环,NX-TS-0468,成都,建议支持预约固定时段用车，我们每天下午都要发一批货,[建议] 建议支持预约固定时段用车，我们每天下午都要发一批货,2026-08-02 19:11,2026-08-04 15:14,刘敏,4,,13010062312,是,成都朝阳小区3号楼东门
FB-20260802-M0016,social_media,收件人,建议,P3,已闭环,NX-TS-0190,成都,建议取件通知提前十分钟发，不然赶不上车,[建议] 建议取件通知提前十分钟发，不然赶不上车,2026-08-02 19:18,2026-08-04 07:47,赵磊,3,,,否,成都朝阳小区3号楼东门
FB-20260802-M0017,hotline,网点经理,体验,P2,已闭环,NX-TS-0337,武汉,月租扣费对不上账，多扣了一次，找谁核对？,[体验] 月租扣费对不上账，多扣了一次，找谁核对？,2026-08-02 19:18,2026-08-02 22:53,李娜,4,郑经理,13178932064,否,武汉大学北门学生宿舍区
FB-20260802-M0004,didi_review,RaaS商户,投诉,P2,已闭环,NX-SZ-0345,无锡,运费比谈好的贵了，说是里程算法调整，事先没通知,[投诉] 运费比谈好的贵了，说是里程算法调整，事先没通知,2026-08-02 19:36,2026-08-03 14:28,刘敏,5,朱女士,13939828073,否,
FB-20260802-M0026,hotline,收件人,建议,P3,已闭环,NX-BJ-0250,青岛,建议取件通知提前十分钟发，不然赶不上车,[建议] 建议取件通知提前十分钟发，不然赶不上车,2026-08-02 19:42,2026-08-03 11:09,王强,2,,,是,
FB-20260802-M0013,hotline,网点经理,体验,P2,已闭环,NX-SZ-0249,青岛,大促期间车次不够用，能不能临时加车？上报了14天没回音,[体验] 大促期间车次不够用，能不能临时加车？上报了14天没回音,2026-08-02 19:54,2026-08-03 06:37,陈杰,5,,13364424936,是,青岛幸福里小区西门
FB-20260802-M0003,hotline,网点经理,建议,P3,已闭环,NX-SZ-0117,无锡,建议给网点开个数据后台，能看每台车每天跑了多少单,[建议] 建议给网点开个数据后台，能看每台车每天跑了多少单,2026-08-02 22:03,2026-08-03 03:11,王强,5,朱女士,,是,
FB-20260802-M0024,hotline,网点经理,体验,P2,已闭环,NX-SJZ-0466,天水,月租扣费对不上账，多扣了一次，找谁核对？,[体验] 月租扣费对不上账，多扣了一次，找谁核对？,2026-08-02 23:51,2026-08-03 16:31,王强,5,,,是,天水幸福里小区西门
FB-20260803-M0016,scan_qr,RaaS商户,建议,P3,已闭环,NX-TS-0097,武汉,建议支持预约固定时段用车，我们每天下午都要发一批货,[建议] 建议支持预约固定时段用车，我们每天下午都要发一批货,2026-08-03 01:36,2026-08-04 08:01,刘敏,3,周女士,,是,武汉朝阳小区3号楼东门
FB-20260803-M0019,hotline,收件人,投诉,P2,已闭环,NX-SJZ-0359,成都,包裹在车里放了一天才通知我取，里面生鲜都坏了,[投诉] 包裹在车里放了一天才通知我取，里面生鲜都坏了,2026-08-03 03:59,2026-08-04 00:49,陈杰,5,朱女士,13208656756,是,
FB-20260803-M0001,hotline,网点经理,故障,P1,已闭环,NX-SJZ-0190,深圳,车辆充电桩故障，明早的班次跑不了，急需处理,[故障] 车辆充电桩故障，明早的班次跑不了，急需处理,2026-08-03 04:02,2026-08-03 09:29,王强,3,,,,深圳写字楼大堂快递点
FB-20260803-M0009,hotline,路人社区,投诉,P3,已闭环,NX-QD-0492,深圳,小区里车速有点快，建议限速，孩子多的地方危险,[投诉] 小区里车速有点快，建议限速，孩子多的地方危险,2026-08-03 04:22,2026-08-05 00:56,赵磊,5,,13147660728,是,
FB-20260803-M0017,hotline,收件人,建议,P3,已闭环,NX-SZ-0085,石家庄,建议取件通知提前十分钟发，不然赶不上车,[建议] 建议取件通知提前十分钟发，不然赶不上车,2026-08-03 06:25,2026-08-04 16:06,王强,5,,13841376815,是,石家庄大学北门学生宿舍区
FB-20260803-M0025,social_media,收件人,体验,P2,已闭环,NX-QD-0308,深圳,取件的格子太高，老人踮脚都够不着,[体验] 取件的格子太高，老人踮脚都够不着,2026-08-03 07:44,2026-08-04 02:07,刘敏,5,,,是,
FB-20260803-M0021,hotline,RaaS商户,建议,P3,已闭环,NX-TS-0317,天水,建议支持预约固定时段用车，我们每天下午都要发一批货,[建议] 建议支持预约固定时段用车，我们每天下午都要发一批货,2026-08-03 08:17,2026-08-04 22:04,刘敏,4,,13767929884,是,天水幼儿园门口接送区
FB-20260803-M0005,hotline,监管方,安全,P0,已闭环,NX-QD-0370,武汉,接群众举报贵司车辆在未报备路段运营，请立即说明情况,[安全] 接群众举报贵司车辆在未报备路段运营，请立即说明情况,2026-08-03 08:30,2026-08-03 09:06,李娜,4,,13554262218,否,
FB-20260803-M0015,didi_review,RaaS商户,体验,P2,已闭环,NX-QD-0347,青岛,车到了以后找不到具体停哪，电话也没人接，转了两圈才找到,[体验] 车到了以后找不到具体停哪，电话也没人接，转了两圈才找到,2026-08-03 08:33,2026-08-04 02:22,陈杰,5,,13571266110,否,青岛生鲜超市收货区
FB-20260803-M0008,scan_qr,快递员,建议,P3,已闭环,NX-TS-0113,天水,希望车上加个保温格，夏天生鲜件不敢放,[建议] 希望车上加个保温格，夏天生鲜件不敢放,2026-08-03 09:02,2026-08-03 16:50,李娜,5,冯阿姨,,否,天水美食街路口
FB-20260803-M0022,hotline,网点经理,建议,P3,已闭环,NX-BJ-0254,苏州,建议给网点开个数据后台，能看每台车每天跑了多少单,[建议] 建议给网点开个数据后台，能看每台车每天跑了多少单,2026-08-03 09:54,2026-08-03 22:54,李娜,3,,13614991537,,苏州写字楼大堂快递点
FB-20260803-M0028,scan_qr,RaaS商户,体验,P2,已闭环,NX-SJZ-0101,青岛,车到了以后找不到具体停哪，电话也没人接，转了两圈才找到,[体验] 车到了以后找不到具体停哪，电话也没人接，转了两圈才找到,2026-08-03 10:01,2026-08-04 03:52,李娜,1,,,是,青岛朝阳小区3号楼东门
FB-20260803-M0030,hotline,收件人,投诉,P2,已闭环,NX-QD-0195,武汉,包裹在车里放了一天才通知我取，里面生鲜都坏了,[投诉] 包裹在车里放了一天才通知我取，里面生鲜都坏了,2026-08-03 12:30,2026-08-04 11:23,赵磊,5,,,是,武汉科技园南门斑马线
FB-20260803-M0007,hotline,监管方,投诉,P1,已闭环,NX-SJZ-0430,苏州,贵司车辆占用消防通道停放，请24小时内整改并回复,[投诉] 贵司车辆占用消防通道停放，请24小时内整改并回复,2026-08-03 14:42,2026-08-03 21:44,陈杰,4,,,否,苏州写字楼大堂快递点
FB-20260803-M0011,scan_qr,收件人,投诉,P2,已闭环,NX-BJ-0341,杭州,包裹在车里放了一天才通知我取，里面生鲜都坏了,[投诉] 包裹在车里放了一天才通知我取，里面生鲜都坏了,2026-08-03 16:06,2026-08-03 17:25,刘敏,5,,,是,杭州写字楼大堂快递点
FB-20260803-M0020,scan_qr,RaaS商户,体验,P2,已闭环,NX-SZ-0348,无锡,下单后等了10分钟车才到，比页面预估晚了一倍，急单只能改叫货拉拉,[体验] 下单后等了10分钟车才到，比页面预估晚了一倍，急单只能改叫货...,2026-08-03 17:09,2026-08-04 17:03,王强,5,,13307536661,,无锡科技园南门斑马线
FB-20260803-M0004,didi_review,RaaS商户,建议,P3,已闭环,NX-SZ-0302,石家庄,建议支持预约固定时段用车，我们每天下午都要发一批货,[建议] 建议支持预约固定时段用车，我们每天下午都要发一批货,2026-08-03 18:18,2026-08-04 00:16,刘敏,5,马老板,,,石家庄万达广场B1快递柜旁
FB-20260803-M0003,wechat_group,快递员,体验,P2,已闭环,NX-SJZ-0466,苏州,装货的时候柜格分配不合理，大件塞不进去只能空着跑,[体验] 装货的时候柜格分配不合理，大件塞不进去只能空着跑,2026-08-03 18:44,2026-08-04 15:26,王强,5,冯阿姨,,否,苏州驿站站点门口
FB-20260803-M0012,hotline,路人社区,安全,P0,已闭环,NX-SJZ-0368,武汉,车过路口没让行人，差点撞到推婴儿车的，太危险了,[安全] 车过路口没让行人，差点撞到推婴儿车的，太危险了,2026-08-03 18:44,2026-08-03 19:25,刘敏,5,马老板,,,
FB-20260803-M0014,manual,监管方,投诉,P1,已闭环,NX-TS-0107,天水,贵司车辆占用消防通道停放，请24小时内整改并回复,[投诉] 贵司车辆占用消防通道停放，请24小时内整改并回复,2026-08-03 19:01,2026-08-03 20:43,王强,3,马老板,13395972466,,
FB-20260803-M0026,wechat_group,快递员,建议,P3,已闭环,NX-SJZ-0247,青岛,希望车上加个保温格，夏天生鲜件不敢放,[建议] 希望车上加个保温格，夏天生鲜件不敢放,2026-08-03 19:11,2026-08-05 14:32,刘敏,5,冯阿姨,,否,
FB-20260803-M0018,scan_qr,路人社区,投诉,P3,已闭环,NX-BJ-0009,天水,小区里车速有点快，建议限速，孩子多的地方危险,[投诉] 小区里车速有点快，建议限速，孩子多的地方危险,2026-08-03 19:28,2026-08-03 22:27,刘敏,5,,,,
FB-20260803-M0002,wechat_group,网点经理,体验,P2,已闭环,NX-QD-0060,石家庄,月租扣费对不上账，多扣了一次，找谁核对？,[体验] 月租扣费对不上账，多扣了一次，找谁核对？,2026-08-03 19:39,2026-08-04 19:16,张伟,3,,,否,
FB-20260803-M0024,didi_review,RaaS商户,体验,P2,已闭环,NX-SJZ-0001,北京,车到了以后找不到具体停哪，电话也没人接，转了两圈才找到,[体验] 车到了以后找不到具体停哪，电话也没人接，转了两圈才找到,2026-08-03 19:56,2026-08-04 02:21,陈杰,5,郑经理,13157184090,,
FB-20260803-M0029,hotline,网点经理,建议,P3,已闭环,NX-QD-0162,杭州,希望合同里明确雨雪天停运的责任划分,[建议] 希望合同里明确雨雪天停运的责任划分,2026-08-03 21:56,2026-08-04 19:57,王强,3,,,是,杭州幼儿园门口接送区
FB-20260803-M0006,didi_review,RaaS商户,建议,P3,已闭环,NX-QD-0382,武汉,建议支持预约固定时段用车，我们每天下午都要发一批货,[建议] 建议支持预约固定时段用车，我们每天下午都要发一批货,2026-08-03 22:14,2026-08-05 06:20,张伟,3,冯阿姨,13096902959,是,武汉生鲜超市收货区
FB-20260803-M0010,hotline,快递员,建议,P3,已闭环,NX-BJ-0351,武汉,建议增加夜间接驳班次，早上到岗就能直接派件,[建议] 建议增加夜间接驳班次，早上到岗就能直接派件,2026-08-03 23:07,2026-08-05 03:10,赵磊,1,冯阿姨,,是,武汉生鲜超市收货区
FB-20260803-M0027,hotline,RaaS商户,体验,P2,已闭环,NX-SZ-0206,石家庄,车到了以后找不到具体停哪，电话也没人接，转了两圈才找到,[体验] 车到了以后找不到具体停哪，电话也没人接，转了两圈才找到,2026-08-03 23:40,2026-08-04 12:56,陈杰,4,朱女士,,否,石家庄写字楼大堂快递点
FB-20260803-M0023,hotline,路人社区,投诉,P3,已闭环,NX-QD-0054,成都,小区里车速有点快，建议限速，孩子多的地方危险,[投诉] 小区里车速有点快，建议限速，孩子多的地方危险,2026-08-03 23:51,2026-08-05 14:25,陈杰,4,郑经理,13512538921,,
FB-20260803-M0013,hotline,网点经理,建议,P3,已闭环,NX-QD-0047,杭州,希望合同里明确雨雪天停运的责任划分,[建议] 希望合同里明确雨雪天停运的责任划分,2026-08-03 23:52,2026-08-04 15:00,李娜,4,,13034864518,,杭州中心医院门诊部门口
FB-20260804-M0016,social_media,收件人,体验,P2,已闭环,NX-QD-0268,杭州,取件码输了没反应，柜门不开，站在车边上等了32分钟,[体验] 取件码输了没反应，柜门不开，站在车边上等了32分钟,2026-08-04 00:15,2026-08-04 07:48,王强,2,,,否,杭州生鲜超市收货区
FB-20260804-M0018,hotline,快递员,故障,P1,已闭环,NX-QD-0181,青岛,今早车没按时到网点，等到17点才来，派件全耽误了,[故障] 今早车没按时到网点，等到17点才来，派件全耽误了,2026-08-04 01:35,2026-08-04 05:41,李娜,4,吴师傅,,否,青岛万达广场B1快递柜旁
FB-20260804-M0017,hotline,路人社区,投诉,P3,已闭环,NX-SJZ-0205,成都,小区里车速有点快，建议限速，孩子多的地方危险,[投诉] 小区里车速有点快，建议限速，孩子多的地方危险,2026-08-04 02:15,2026-08-04 04:29,刘敏,5,,13298395429,否,成都中心医院门诊部门口
FB-20260804-M0019,hotline,网点经理,建议,P3,已闭环,NX-QD-0237,深圳,希望合同里明确雨雪天停运的责任划分,[建议] 希望合同里明确雨雪天停运的责任划分,2026-08-04 02:38,2026-08-04 22:04,陈杰,5,孙先生,,是,
FB-20260804-M0015,scan_qr,快递员,故障,P1,已闭环,NX-QD-0288,北京,无人车半路停在小区门口不动了，后面一车货都在上面,[故障] 无人车半路停在小区门口不动了，后面一车货都在上面,2026-08-04 04:14,2026-08-04 11:55,赵磊,5,,,,北京万达广场B1快递柜旁
FB-20260804-M0005,scan_qr,收件人,体验,P2,已闭环,NX-TS-0291,无锡,取件码输了没反应，柜门不开，站在车边上等了23分钟,[体验] 取件码输了没反应，柜门不开，站在车边上等了23分钟,2026-08-04 04:16,2026-08-04 07:04,王强,3,钱先生,13314913577,是,
FB-20260804-M0022,social_media,路人社区,体验,P2,已闭环,NX-SZ-0056,苏州,半夜车经过提示音太响，吵得没法睡觉,[体验] 半夜车经过提示音太响，吵得没法睡觉,2026-08-04 05:02,2026-08-04 09:24,王强,5,周女士,,否,
FB-20260804-M0011,hotline,快递员,体验,P2,已闭环,NX-QD-0255,石家庄,app上显示车已到，实际还差两条街，白跑一趟,[体验] app上显示车已到，实际还差两条街，白跑一趟,2026-08-04 05:25,2026-08-05 04:04,张伟,3,周女士,,否,石家庄幼儿园门口接送区
FB-20260804-M0013,hotline,路人社区,投诉,P3,已闭环,NX-QD-0414,天水,小区里车速有点快，建议限速，孩子多的地方危险,[投诉] 小区里车速有点快，建议限速，孩子多的地方危险,2026-08-04 07:22,2026-08-06 06:02,赵磊,4,,13017537030,,天水幼儿园门口接送区
FB-20260804-M0002,scan_qr,收件人,建议,P3,已闭环,NX-SJZ-0045,杭州,建议取件通知提前十分钟发，不然赶不上车,[建议] 建议取件通知提前十分钟发，不然赶不上车,2026-08-04 08:05,2026-08-05 21:15,李娜,5,周女士,13262655110,,杭州地铁2号线C出口
FB-20260804-M0009,hotline,路人社区,体验,P2,已闭环,NX-BJ-0171,北京,车停在人行道正中间挡路，轮椅都过不去,[体验] 车停在人行道正中间挡路，轮椅都过不去,2026-08-04 08:13,2026-08-05 01:44,刘敏,4,,,是,
FB-20260804-M0026,hotline,RaaS商户,体验,P2,已闭环,NX-SJZ-0353,无锡,车到了以后找不到具体停哪，电话也没人接，转了两圈才找到,[体验] 车到了以后找不到具体停哪，电话也没人接，转了两圈才找到,2026-08-04 08:14,2026-08-04 23:16,张伟,5,,,是,
FB-20260804-M0020,manual,网点经理,建议,P3,已闭环,NX-SZ-0374,石家庄,希望合同里明确雨雪天停运的责任划分,[建议] 希望合同里明确雨雪天停运的责任划分,2026-08-04 08:19,2026-08-05 10:23,李娜,4,朱女士,13895090591,,
FB-20260804-M0006,hotline,快递员,体验,P2,已闭环,NX-TS-0220,成都,装货的时候柜格分配不合理，大件塞不进去只能空着跑,[体验] 装货的时候柜格分配不合理，大件塞不进去只能空着跑,2026-08-04 08:57,2026-08-04 23:37,李娜,3,,,否,成都朝阳小区3号楼东门
FB-20260804-M0025,wechat_group,网点经理,体验,P2,已闭环,NX-SZ-0074,北京,大促期间车次不够用，能不能临时加车？上报了9天没回音,[体验] 大促期间车次不够用，能不能临时加车？上报了9天没回音,2026-08-04 09:08,2026-08-05 08:18,李娜,5,孙先生,,,北京大学北门学生宿舍区
FB-20260804-M0014,scan_qr,RaaS商户,投诉,P2,已闭环,NX-SJZ-0354,武汉,运费比谈好的贵了，说是里程算法调整，事先没通知,[投诉] 运费比谈好的贵了，说是里程算法调整，事先没通知,2026-08-04 09:31,2026-08-04 18:30,刘敏,3,,13468750635,是,
FB-20260804-M0003,scan_qr,RaaS商户,体验,P2,已闭环,NX-TS-0305,深圳,下单后等了21分钟车才到，比页面预估晚了一倍，急单只能改叫货拉拉,[体验] 下单后等了21分钟车才到，比页面预估晚了一倍，急单只能改叫货...,2026-08-04 09:45,2026-08-04 20:11,赵磊,4,马老板,,否,深圳大学北门学生宿舍区
FB-20260804-M0027,hotline,RaaS商户,建议,P3,已闭环,NX-TS-0295,无锡,建议支持预约固定时段用车，我们每天下午都要发一批货,[建议] 建议支持预约固定时段用车，我们每天下午都要发一批货,2026-08-04 11:18,2026-08-04 20:54,陈杰,3,,,否,无锡地铁2号线C出口
FB-20260804-M0010,hotline,监管方,投诉,P1,已闭环,NX-QD-0083,无锡,贵司车辆占用消防通道停放，请24小时内整改并回复,[投诉] 贵司车辆占用消防通道停放，请24小时内整改并回复,2026-08-04 11:57,2026-08-04 13:16,张伟,5,周女士,,,
FB-20260804-M0008,hotline,快递员,体验,P2,已闭环,NX-BJ-0021,苏州,装货的时候柜格分配不合理，大件塞不进去只能空着跑,[体验] 装货的时候柜格分配不合理，大件塞不进去只能空着跑,2026-08-04 17:42,2026-08-05 14:13,李娜,4,,13636815798,是,苏州生鲜超市收货区
FB-20260804-M0023,scan_qr,收件人,建议,P3,已闭环,NX-SZ-0041,成都,建议取件通知提前十分钟发，不然赶不上车,[建议] 建议取件通知提前十分钟发，不然赶不上车,2026-08-04 18:49,2026-08-05 00:49,王强,5,,,是,
FB-20260804-M0024,social_media,路人社区,投诉,P3,已闭环,NX-TS-0055,北京,小区里车速有点快，建议限速，孩子多的地方危险,[投诉] 小区里车速有点快，建议限速，孩子多的地方危险,2026-08-04 19:06,2026-08-06 14:07,王强,3,朱女士,13540211901,,北京大学北门学生宿舍区
FB-20260804-M0021,social_media,路人社区,投诉,P3,已闭环,NX-QD-0308,深圳,小区里车速有点快，建议限速，孩子多的地方危险,[投诉] 小区里车速有点快，建议限速，孩子多的地方危险,2026-08-04 19:13,2026-08-06 16:22,张伟,4,,,是,深圳幸福里小区西门
FB-20260804-M0007,wechat_group,网点经理,建议,P3,已闭环,NX-BJ-0497,无锡,希望合同里明确雨雪天停运的责任划分,[建议] 希望合同里明确雨雪天停运的责任划分,2026-08-04 19:59,2026-08-05 11:49,张伟,4,周女士,13435031365,是,无锡中心医院门诊部门口
FB-20260804-M0004,hotline,收件人,体验,P2,已闭环,NX-TS-0246,天水,取件的格子太高，老人踮脚都够不着,[体验] 取件的格子太高，老人踮脚都够不着,2026-08-04 22:58,2026-08-05 15:16,陈杰,1,,,否,
FB-20260804-M0012,hotline,RaaS商户,投诉,P2,已闭环,NX-QD-0383,石家庄,运费比谈好的贵了，说是里程算法调整，事先没通知,[投诉] 运费比谈好的贵了，说是里程算法调整，事先没通知,2026-08-04 23:08,2026-08-05 22:22,王强,4,,13875721586,是,石家庄科技园南门斑马线
FB-20260804-M0001,wechat_group,网点经理,建议,P3,已闭环,NX-TS-0122,北京,希望合同里明确雨雪天停运的责任划分,[建议] 希望合同里明确雨雪天停运的责任划分,2026-08-04 23:28,2026-08-06 18:41,王强,4,周女士,13983930103,是,
FB-20260805-M0016,scan_qr,RaaS商户,建议,P3,已闭环,NX-BJ-0108,北京,建议支持预约固定时段用车，我们每天下午都要发一批货,[建议] 建议支持预约固定时段用车，我们每天下午都要发一批货,2026-08-05 01:40,2026-08-07 00:56,赵磊,3,周女士,13442117536,是,北京生鲜超市收货区
FB-20260805-M0024,hotline,收件人,投诉,P2,已闭环,NX-SZ-0402,深圳,包裹在车里放了一天才通知我取，里面生鲜都坏了,[投诉] 包裹在车里放了一天才通知我取，里面生鲜都坏了,2026-08-05 02:23,2026-08-05 06:33,赵磊,5,孙先生,,,深圳生鲜超市收货区
FB-20260805-M0007,hotline,监管方,投诉,P1,已闭环,NX-BJ-0111,武汉,贵司车辆占用消防通道停放，请24小时内整改并回复,[投诉] 贵司车辆占用消防通道停放，请24小时内整改并回复,2026-08-05 02:57,2026-08-05 07:44,刘敏,5,吴师傅,,否,
FB-20260805-M0005,hotline,网点经理,建议,P3,已闭环,NX-BJ-0009,成都,希望合同里明确雨雪天停运的责任划分,[建议] 希望合同里明确雨雪天停运的责任划分,2026-08-05 03:50,2026-08-06 22:59,陈杰,2,周女士,13918055269,否,
FB-20260805-M0017,manual,网点经理,建议,P3,已闭环,NX-TS-0255,天水,建议给网点开个数据后台，能看每台车每天跑了多少单,[建议] 建议给网点开个数据后台，能看每台车每天跑了多少单,2026-08-05 06:13,2026-08-05 08:17,李娜,5,朱女士,,,天水美食街路口
FB-20260805-M0010,hotline,快递员,故障,P1,已闭环,NX-QD-0410,青岛,今早车没按时到网点，等到10点才来，派件全耽误了,[故障] 今早车没按时到网点，等到10点才来，派件全耽误了,2026-08-05 08:50,2026-08-05 14:08,王强,5,冯阿姨,13112382965,否,青岛写字楼大堂快递点
FB-20260805-M0021,scan_qr,RaaS商户,投诉,P2,已闭环,NX-TS-0437,青岛,运费比谈好的贵了，说是里程算法调整，事先没通知,[投诉] 运费比谈好的贵了，说是里程算法调整，事先没通知,2026-08-05 09:30,2026-08-06 07:36,李娜,5,,13242642506,,青岛中心医院门诊部门口
FB-20260805-M0026,social_media,路人社区,体验,P2,已闭环,NX-TS-0009,成都,半夜车经过提示音太响，吵得没法睡觉,[体验] 半夜车经过提示音太响，吵得没法睡觉,2026-08-05 09:42,2026-08-06 05:59,赵磊,4,,13793350557,,成都幸福里小区西门
FB-20260805-M0006,scan_qr,路人社区,投诉,P3,已闭环,NX-SZ-0228,深圳,小区里车速有点快，建议限速，孩子多的地方危险,[投诉] 小区里车速有点快，建议限速，孩子多的地方危险,2026-08-05 10:32,2026-08-07 03:21,陈杰,3,,13753540838,否,
FB-20260805-M0023,manual,网点经理,建议,P3,已闭环,NX-SJZ-0379,无锡,希望合同里明确雨雪天停运的责任划分,[建议] 希望合同里明确雨雪天停运的责任划分,2026-08-05 10:54,2026-08-07 01:20,李娜,5,,13616188081,否,
FB-20260805-M0018,hotline,RaaS商户,投诉,P2,已闭环,NX-TS-0368,北京,扫码开柜失败三次，货卡在车里取不出来，耽误我给客户交货,[投诉] 扫码开柜失败三次，货卡在车里取不出来，耽误我给客户交货,2026-08-05 11:09,2026-08-06 08:07,张伟,4,孙先生,13879508304,,
FB-20260805-M0012,manual,监管方,安全,P0,已闭环,NX-TS-0485,深圳,接群众举报贵司车辆在未报备路段运营，请立即说明情况,[安全] 接群众举报贵司车辆在未报备路段运营，请立即说明情况,2026-08-05 14:32,2026-08-05 15:54,刘敏,1,周女士,13639102574,是,深圳朝阳小区3号楼东门
FB-20260805-M0028,scan_qr,收件人,体验,P2,已闭环,NX-BJ-0095,苏州,通知说车到楼下了，下去发现车已经开走了,[体验] 通知说车到楼下了，下去发现车已经开走了,2026-08-05 15:09,2026-08-05 23:24,李娜,5,冯阿姨,,,
FB-20260805-M0001,scan_qr,快递员,故障,P1,已闭环,NX-SJZ-0175,青岛,车到驿站门口柜门打不开，急着派件，卡了快7分钟了,[故障] 车到驿站门口柜门打不开，急着派件，卡了快7分钟了,2026-08-05 16:41,2026-08-05 18:45,陈杰,4,,13844736471,否,青岛生鲜超市收货区
FB-20260805-M0002,scan_qr,RaaS商户,建议,P3,已闭环,NX-SZ-0424,青岛,建议支持预约固定时段用车，我们每天下午都要发一批货,[建议] 建议支持预约固定时段用车，我们每天下午都要发一批货,2026-08-05 16:45,2026-08-06 02:05,刘敏,3,,,,
FB-20260805-M0015,social_media,路人社区,投诉,P3,已闭环,NX-SJZ-0418,杭州,小区里车速有点快，建议限速，孩子多的地方危险,[投诉] 小区里车速有点快，建议限速，孩子多的地方危险,2026-08-05 16:55,2026-08-06 23:09,李娜,4,马老板,13439627365,是,杭州科技园南门斑马线
FB-20260805-M0014,scan_qr,路人社区,投诉,P3,已闭环,NX-SJZ-0099,苏州,小区里车速有点快，建议限速，孩子多的地方危险,[投诉] 小区里车速有点快，建议限速，孩子多的地方危险,2026-08-05 17:13,2026-08-06 21:28,刘敏,5,周女士,13337118954,,苏州科技园南门斑马线
FB-20260805-M0011,manual,监管方,投诉,P1,已闭环,NX-SJZ-0495,深圳,贵司车辆占用消防通道停放，请24小时内整改并回复,[投诉] 贵司车辆占用消防通道停放，请24小时内整改并回复,2026-08-05 17:38,2026-08-05 23:04,刘敏,5,马老板,13923045018,,深圳地铁2号线C出口
FB-20260805-M0022,didi_review,RaaS商户,体验,P2,已闭环,NX-QD-0234,青岛,下单后等了6分钟车才到，比页面预估晚了一倍，急单只能改叫货拉拉,[体验] 下单后等了6分钟车才到，比页面预估晚了一倍，急单只能改叫货拉...,2026-08-05 18:05,2026-08-06 03:14,王强,3,,,是,青岛大学北门学生宿舍区
FB-20260805-M0008,scan_qr,RaaS商户,建议,P3,已闭环,NX-BJ-0436,无锡,建议支持预约固定时段用车，我们每天下午都要发一批货,[建议] 建议支持预约固定时段用车，我们每天下午都要发一批货,2026-08-05 18:37,2026-08-06 03:08,王强,5,,,否,无锡科技园南门斑马线
FB-20260805-M0025,wechat_group,快递员,建议,P3,已闭环,NX-SJZ-0365,武汉,希望车上加个保温格，夏天生鲜件不敢放,[建议] 希望车上加个保温格，夏天生鲜件不敢放,2026-08-05 19:00,2026-08-07 17:56,张伟,4,冯阿姨,,否,武汉写字楼大堂快递点
FB-20260805-M0020,hotline,路人社区,体验,P2,已闭环,NX-TS-0278,石家庄,车停在人行道正中间挡路，轮椅都过不去,[体验] 车停在人行道正中间挡路，轮椅都过不去,2026-08-05 19:25,2026-08-06 06:08,李娜,5,周女士,13796474080,是,石家庄幼儿园门口接送区
FB-20260805-M0004,wechat_group,网点经理,建议,P3,已闭环,NX-TS-0349,杭州,建议给网点开个数据后台，能看每台车每天跑了多少单,[建议] 建议给网点开个数据后台，能看每台车每天跑了多少单,2026-08-05 19:46,2026-08-07 05:29,刘敏,5,,,是,杭州幼儿园门口接送区
FB-20260805-M0003,scan_qr,RaaS商户,体验,P2,已闭环,NX-BJ-0345,无锡,车到了以后找不到具体停哪，电话也没人接，转了两圈才找到,[体验] 车到了以后找不到具体停哪，电话也没人接，转了两圈才找到,2026-08-05 20:38,2026-08-06 06:15,李娜,4,钱先生,,否,
FB-20260805-M0009,hotline,路人社区,体验,P2,已闭环,NX-QD-0233,天水,车停在人行道正中间挡路，轮椅都过不去,[体验] 车停在人行道正中间挡路，轮椅都过不去,2026-08-05 20:56,2026-08-06 16:31,赵磊,4,,13177656124,否,天水美食街路口
FB-20260805-M0019,hotline,快递员,建议,P3,已闭环,NX-SJZ-0386,天水,希望车上加个保温格，夏天生鲜件不敢放,[建议] 希望车上加个保温格，夏天生鲜件不敢放,2026-08-05 22:55,2026-08-07 18:12,张伟,5,钱先生,,是,天水生鲜超市收货区
FB-20260805-M0027,hotline,快递员,体验,P2,已闭环,NX-QD-0290,武汉,装货的时候柜格分配不合理，大件塞不进去只能空着跑,[体验] 装货的时候柜格分配不合理，大件塞不进去只能空着跑,2026-08-05 23:39,2026-08-06 17:09,陈杰,5,,,否,
FB-20260805-M0013,hotline,快递员,建议,P3,已闭环,NX-TS-0402,苏州,希望车上加个保温格，夏天生鲜件不敢放,[建议] 希望车上加个保温格，夏天生鲜件不敢放,2026-08-05 23:55,2026-08-06 02:35,赵磊,3,马老板,13769156716,是,
FB-20260806-M0011,hotline,监管方,安全,P0,已闭环,NX-SZ-0382,石家庄,接群众举报贵司车辆在未报备路段运营，请立即说明情况,[安全] 接群众举报贵司车辆在未报备路段运营，请立即说明情况,2026-08-06 01:34,2026-08-06 02:06,刘敏,4,钱先生,13305231244,否,石家庄驿站站点门口
FB-20260806-M0004,manual,网点经理,故障,P1,已闭环,NX-TS-0401,青岛,今天两台车同时趴窝，网点到驿站的接驳全断了，损失不小,[故障] 今天两台车同时趴窝，网点到驿站的接驳全断了，损失不小,2026-08-06 03:19,2026-08-06 08:48,赵磊,4,孙先生,,,青岛大学北门学生宿舍区
FB-20260806-M0008,social_media,收件人,体验,P2,已闭环,NX-QD-0259,深圳,通知说车到楼下了，下去发现车已经开走了,[体验] 通知说车到楼下了，下去发现车已经开走了,2026-08-06 05:45,2026-08-07 02:05,王强,5,周女士,,否,深圳万达广场B1快递柜旁
FB-20260806-M0007,social_media,路人社区,投诉,P3,已闭环,NX-SZ-0425,石家庄,小区里车速有点快，建议限速，孩子多的地方危险,[投诉] 小区里车速有点快，建议限速，孩子多的地方危险,2026-08-06 07:55,2026-08-07 21:34,王强,5,,,是,石家庄幸福里小区西门
FB-20260806-M0003,scan_qr,RaaS商户,投诉,P2,已闭环,NX-QD-0244,成都,运费比谈好的贵了，说是里程算法调整，事先没通知,[投诉] 运费比谈好的贵了，说是里程算法调整，事先没通知,2026-08-06 08:20,2026-08-07 06:43,张伟,5,冯阿姨,,否,成都美食街路口
FB-20260806-M0005,didi_review,RaaS商户,建议,P3,已闭环,NX-QD-0108,石家庄,建议支持预约固定时段用车，我们每天下午都要发一批货,[建议] 建议支持预约固定时段用车，我们每天下午都要发一批货,2026-08-06 08:39,2026-08-06 16:04,赵磊,5,,13521103924,是,石家庄生鲜超市收货区
FB-20260806-M0015,wechat_group,快递员,体验,P2,已闭环,NX-SJZ-0161,深圳,app上显示车已到，实际还差两条街，白跑一趟,[体验] app上显示车已到，实际还差两条街，白跑一趟,2026-08-06 08:53,2026-08-06 19:46,王强,5,周女士,,否,深圳中心医院门诊部门口
FB-20260806-M0013,didi_review,RaaS商户,体验,P2,已闭环,NX-BJ-0189,武汉,车到了以后找不到具体停哪，电话也没人接，转了两圈才找到,[体验] 车到了以后找不到具体停哪，电话也没人接，转了两圈才找到,2026-08-06 10:58,2026-08-06 23:01,李娜,4,郑经理,13100900404,否,
FB-20260806-M0001,hotline,网点经理,建议,P3,已闭环,NX-BJ-0002,北京,希望合同里明确雨雪天停运的责任划分,[建议] 希望合同里明确雨雪天停运的责任划分,2026-08-06 13:45,2026-08-07 06:32,王强,4,,,是,北京中心医院门诊部门口
FB-20260806-M0006,social_media,路人社区,投诉,P3,已闭环,NX-SJZ-0437,武汉,小区里车速有点快，建议限速，孩子多的地方危险,[投诉] 小区里车速有点快，建议限速，孩子多的地方危险,2026-08-06 14:14,2026-08-07 23:23,刘敏,4,,,否,武汉写字楼大堂快递点
FB-20260806-M0012,hotline,快递员,体验,P2,已闭环,NX-QD-0460,成都,app上显示车已到，实际还差两条街，白跑一趟,[体验] app上显示车已到，实际还差两条街，白跑一趟,2026-08-06 15:18,2026-08-06 18:50,李娜,4,,,是,成都美食街路口
FB-20260806-M0002,scan_qr,快递员,故障,P1,已闭环,NX-TS-0334,无锡,无人车半路停在小区门口不动了，后面一车货都在上面,[故障] 无人车半路停在小区门口不动了，后面一车货都在上面,2026-08-06 16:01,2026-08-06 17:12,刘敏,1,,,,无锡科技园南门斑马线
FB-20260806-M0009,wechat_group,快递员,建议,P3,已闭环,NX-TS-0111,杭州,希望车上加个保温格，夏天生鲜件不敢放,[建议] 希望车上加个保温格，夏天生鲜件不敢放,2026-08-06 16:09,2026-08-06 20:52,王强,4,,13867713334,是,杭州中心医院门诊部门口
FB-20260806-M0014,wechat_group,网点经理,体验,P2,已闭环,NX-SJZ-0047,深圳,大促期间车次不够用，能不能临时加车？上报了19天没回音,[体验] 大促期间车次不够用，能不能临时加车？上报了19天没回音,2026-08-06 17:59,2026-08-07 07:28,陈杰,3,钱先生,,是,深圳幼儿园门口接送区
FB-20260806-M0016,scan_qr,RaaS商户,投诉,P2,已闭环,NX-QD-0013,北京,运费比谈好的贵了，说是里程算法调整，事先没通知,[投诉] 运费比谈好的贵了，说是里程算法调整，事先没通知,2026-08-06 18:22,2026-08-07 14:09,刘敏,4,马老板,13534820128,是,北京写字楼大堂快递点
FB-20260806-M0018,wechat_group,网点经理,体验,P2,已闭环,NX-SZ-0396,武汉,大促期间车次不够用，能不能临时加车？上报了37天没回音,[体验] 大促期间车次不够用，能不能临时加车？上报了37天没回音,2026-08-06 19:17,2026-08-07 17:06,陈杰,3,孙先生,,,武汉朝阳小区3号楼东门
FB-20260806-M0017,scan_qr,路人社区,体验,P2,已闭环,NX-TS-0374,深圳,半夜车经过提示音太响，吵得没法睡觉,[体验] 半夜车经过提示音太响，吵得没法睡觉,2026-08-06 20:18,2026-08-07 05:26,赵磊,3,,,,
FB-20260806-M0010,hotline,RaaS商户,体验,P2,已闭环,NX-BJ-0415,无锡,下单后等了7分钟车才到，比页面预估晚了一倍，急单只能改叫货拉拉,[体验] 下单后等了7分钟车才到，比页面预估晚了一倍，急单只能改叫货拉...,2026-08-06 20:19,2026-08-07 08:37,王强,4,马老板,,是,
FB-20260807-M0015,hotline,收件人,投诉,P2,已闭环,NX-SZ-0063,石家庄,取件时柜门夹了一下手，虽然没受伤但很吓人，要给个说法,[投诉] 取件时柜门夹了一下手，虽然没受伤但很吓人，要给个说法,2026-08-07 00:32,2026-08-07 17:39,陈杰,3,朱女士,,,石家庄朝阳小区3号楼东门
FB-20260807-M0024,hotline,网点经理,体验,P2,已闭环,NX-TS-0465,苏州,月租扣费对不上账，多扣了一次，找谁核对？,[体验] 月租扣费对不上账，多扣了一次，找谁核对？,2026-08-07 03:26,2026-08-07 18:33,王强,5,,13176072348,,苏州幸福里小区西门
FB-20260807-M0011,hotline,RaaS商户,体验,P2,已闭环,NX-SZ-0334,青岛,下单后等了35分钟车才到，比页面预估晚了一倍，急单只能改叫货拉拉,[体验] 下单后等了35分钟车才到，比页面预估晚了一倍，急单只能改叫货...,2026-08-07 03:35,2026-08-07 13:27,陈杰,5,,,是,青岛幸福里小区西门
FB-20260807-M0004,social_media,路人社区,体验,P2,已闭环,NX-BJ-0350,深圳,车停在人行道正中间挡路，轮椅都过不去,[体验] 车停在人行道正中间挡路，轮椅都过不去,2026-08-07 04:02,2026-08-07 14:29,赵磊,3,,13170462265,,深圳中心医院门诊部门口
FB-20260807-M0023,scan_qr,收件人,体验,P2,已闭环,NX-QD-0332,深圳,取件码输了没反应，柜门不开，站在车边上等了11分钟,[体验] 取件码输了没反应，柜门不开，站在车边上等了11分钟,2026-08-07 06:07,2026-08-08 05:20,刘敏,5,,,否,
FB-20260807-M0009,social_media,收件人,建议,P3,已闭环,NX-QD-0210,深圳,建议取件通知提前十分钟发，不然赶不上车,[建议] 建议取件通知提前十分钟发，不然赶不上车,2026-08-07 06:27,2026-08-07 13:18,王强,4,周女士,13864300981,否,
FB-20260807-M0014,hotline,路人社区,投诉,P3,已闭环,NX-SJZ-0232,北京,小区里车速有点快，建议限速，孩子多的地方危险,[投诉] 小区里车速有点快，建议限速，孩子多的地方危险,2026-08-07 09:20,2026-08-08 12:11,陈杰,3,朱女士,13196570132,,
FB-20260807-M0012,manual,网点经理,建议,P3,已闭环,NX-SJZ-0163,青岛,希望合同里明确雨雪天停运的责任划分,[建议] 希望合同里明确雨雪天停运的责任划分,2026-08-07 09:27,2026-08-09 08:03,张伟,2,吴师傅,13298324826,,
FB-20260807-M0008,manual,监管方,投诉,P1,已闭环,NX-TS-0208,深圳,贵司车辆占用消防通道停放，请24小时内整改并回复,[投诉] 贵司车辆占用消防通道停放，请24小时内整改并回复,2026-08-07 11:24,2026-08-07 16:48,王强,4,,,否,
FB-20260807-M0005,hotline,监管方,投诉,P1,已闭环,NX-SJZ-0471,武汉,贵司车辆占用消防通道停放，请24小时内整改并回复,[投诉] 贵司车辆占用消防通道停放，请24小时内整改并回复,2026-08-07 12:53,2026-08-07 20:47,王强,2,冯阿姨,13010393087,是,武汉科技园南门斑马线
FB-20260807-M0010,social_media,收件人,投诉,P2,已闭环,NX-BJ-0266,北京,取件时柜门夹了一下手，虽然没受伤但很吓人，要给个说法,[投诉] 取件时柜门夹了一下手，虽然没受伤但很吓人，要给个说法,2026-08-07 13:24,2026-08-08 07:53,李娜,2,马老板,,是,
FB-20260807-M0021,scan_qr,RaaS商户,建议,P3,已闭环,NX-QD-0401,武汉,建议支持预约固定时段用车，我们每天下午都要发一批货,[建议] 建议支持预约固定时段用车，我们每天下午都要发一批货,2026-08-07 16:10,2026-08-09 14:16,赵磊,4,,13044138459,是,武汉地铁2号线C出口
FB-20260807-M0006,hotline,RaaS商户,建议,P3,已闭环,NX-SJZ-0026,深圳,建议支持预约固定时段用车，我们每天下午都要发一批货,[建议] 建议支持预约固定时段用车，我们每天下午都要发一批货,2026-08-07 18:02,2026-08-08 02:42,赵磊,4,,,否,
FB-20260807-M0002,scan_qr,收件人,建议,P3,已闭环,NX-SJZ-0061,武汉,建议取件通知提前十分钟发，不然赶不上车,[建议] 建议取件通知提前十分钟发，不然赶不上车,2026-08-07 18:30,2026-08-08 17:44,陈杰,5,,13711671902,是,
FB-20260807-M0001,wechat_group,网点经理,故障,P1,已闭环,NX-SZ-0062,石家庄,今天两台车同时趴窝，网点到驿站的接驳全断了，损失不小,[故障] 今天两台车同时趴窝，网点到驿站的接驳全断了，损失不小,2026-08-07 18:32,2026-08-08 01:55,陈杰,4,周女士,,是,
FB-20260807-M0019,hotline,网点经理,建议,P3,已闭环,NX-TS-0243,北京,希望合同里明确雨雪天停运的责任划分,[建议] 希望合同里明确雨雪天停运的责任划分,2026-08-07 18:33,2026-08-08 22:29,李娜,4,,,是,北京朝阳小区3号楼东门
FB-20260807-M0020,scan_qr,收件人,体验,P2,已闭环,NX-QD-0010,武汉,取件的格子太高，老人踮脚都够不着,[体验] 取件的格子太高，老人踮脚都够不着,2026-08-07 18:43,2026-08-08 12:59,赵磊,5,郑经理,13770461172,否,武汉幼儿园门口接送区
FB-20260807-M0016,manual,网点经理,体验,P2,已闭环,NX-QD-0500,青岛,大促期间车次不够用，能不能临时加车？上报了35天没回音,[体验] 大促期间车次不够用，能不能临时加车？上报了35天没回音,2026-08-07 19:03,2026-08-08 16:28,王强,5,,,是,青岛幸福里小区西门
FB-20260807-M0013,scan_qr,快递员,建议,P3,已闭环,NX-BJ-0008,石家庄,希望车上加个保温格，夏天生鲜件不敢放,[建议] 希望车上加个保温格，夏天生鲜件不敢放,2026-08-07 19:40,2026-08-09 14:32,陈杰,5,冯阿姨,,,石家庄科技园南门斑马线
FB-20260807-M0017,scan_qr,RaaS商户,投诉,P2,已闭环,NX-QD-0393,杭州,运费比谈好的贵了，说是里程算法调整，事先没通知,[投诉] 运费比谈好的贵了，说是里程算法调整，事先没通知,2026-08-07 19:42,2026-08-08 09:12,王强,4,吴师傅,,是,杭州中心医院门诊部门口
FB-20260807-M0018,hotline,收件人,体验,P2,已闭环,NX-TS-0214,北京,取件的格子太高，老人踮脚都够不着,[体验] 取件的格子太高，老人踮脚都够不着,2026-08-07 19:46,2026-08-08 05:56,赵磊,3,,13952436402,,北京美食街路口
FB-20260807-M0003,scan_qr,收件人,投诉,P2,已闭环,NX-TS-0246,武汉,包裹在车里放了一天才通知我取，里面生鲜都坏了,[投诉] 包裹在车里放了一天才通知我取，里面生鲜都坏了,2026-08-07 19:50,2026-08-08 17:27,李娜,3,,,是,武汉美食街路口
FB-20260807-M0022,scan_qr,RaaS商户,建议,P3,已闭环,NX-SJZ-0385,石家庄,建议支持预约固定时段用车，我们每天下午都要发一批货,[建议] 建议支持预约固定时段用车，我们每天下午都要发一批货,2026-08-07 21:40,2026-08-08 01:21,张伟,5,周女士,,,石家庄生鲜超市收货区
FB-20260807-M0007,didi_review,RaaS商户,投诉,P2,已闭环,NX-SJZ-0332,深圳,扫码开柜失败三次，货卡在车里取不出来，耽误我给客户交货,[投诉] 扫码开柜失败三次，货卡在车里取不出来，耽误我给客户交货,2026-08-07 22:22,2026-08-08 02:42,李娜,2,,,是,深圳幼儿园门口接送区
FB-20260807-M0025,scan_qr,收件人,体验,P2,已闭环,NX-BJ-0288,石家庄,取件码输了没反应，柜门不开，站在车边上等了30分钟,[体验] 取件码输了没反应，柜门不开，站在车边上等了30分钟,2026-08-07 22:34,2026-08-08 14:57,刘敏,4,朱女士,,是,
FB-20260808-M0003,hotline,RaaS商户,建议,P3,已闭环,NX-SZ-0406,杭州,建议支持预约固定时段用车，我们每天下午都要发一批货,[建议] 建议支持预约固定时段用车，我们每天下午都要发一批货,2026-08-08 00:33,2026-08-09 22:04,张伟,5,,,,
FB-20260808-M0015,scan_qr,快递员,建议,P3,已闭环,NX-SZ-0321,青岛,希望车上加个保温格，夏天生鲜件不敢放,[建议] 希望车上加个保温格，夏天生鲜件不敢放,2026-08-08 01:13,2026-08-09 05:08,陈杰,5,,,是,青岛朝阳小区3号楼东门
FB-20260808-M0004,wechat_group,网点经理,故障,P1,已闭环,NX-SZ-0357,成都,今天两台车同时趴窝，网点到驿站的接驳全断了，损失不小,[故障] 今天两台车同时趴窝，网点到驿站的接驳全断了，损失不小,2026-08-08 01:24,2026-08-08 08:26,刘敏,5,钱先生,13051531952,是,成都写字楼大堂快递点
FB-20260808-M0013,wechat_group,快递员,体验,P2,已闭环,NX-BJ-0340,青岛,装货的时候柜格分配不合理，大件塞不进去只能空着跑,[体验] 装货的时候柜格分配不合理，大件塞不进去只能空着跑,2026-08-08 03:01,2026-08-08 21:38,王强,4,,13921643347,否,青岛科技园南门斑马线
FB-20260808-M0025,hotline,收件人,建议,P3,已闭环,NX-TS-0199,武汉,建议取件通知提前十分钟发，不然赶不上车,[建议] 建议取件通知提前十分钟发，不然赶不上车,2026-08-08 04:02,2026-08-08 14:02,李娜,5,马老板,13195826328,是,武汉驿站站点门口
FB-20260808-M0008,wechat_group,网点经理,建议,P3,已闭环,NX-SZ-0444,天水,希望合同里明确雨雪天停运的责任划分,[建议] 希望合同里明确雨雪天停运的责任划分,2026-08-08 07:36,2026-08-08 13:31,张伟,3,,13078361340,否,
FB-20260808-M0021,hotline,快递员,建议,P3,已闭环,NX-QD-0130,北京,建议增加夜间接驳班次，早上到岗就能直接派件,[建议] 建议增加夜间接驳班次，早上到岗就能直接派件,2026-08-08 08:55,2026-08-09 17:27,刘敏,5,冯阿姨,13976074017,否,
FB-20260808-M0011,scan_qr,路人社区,投诉,P3,已闭环,NX-BJ-0350,武汉,小区里车速有点快，建议限速，孩子多的地方危险,[投诉] 小区里车速有点快，建议限速，孩子多的地方危险,2026-08-08 09:05,2026-08-09 02:10,王强,2,,13439878015,否,
FB-20260808-M0012,social_media,收件人,投诉,P2,已闭环,NX-BJ-0436,苏州,取件时柜门夹了一下手，虽然没受伤但很吓人，要给个说法,[投诉] 取件时柜门夹了一下手，虽然没受伤但很吓人，要给个说法,2026-08-08 09:07,2026-08-08 10:35,陈杰,4,周女士,13536822239,,苏州写字楼大堂快递点
FB-20260808-M0014,hotline,RaaS商户,体验,P2,已闭环,NX-QD-0403,武汉,下单后等了25分钟车才到，比页面预估晚了一倍，急单只能改叫货拉拉,[体验] 下单后等了25分钟车才到，比页面预估晚了一倍，急单只能改叫货...,2026-08-08 09:20,2026-08-08 21:38,刘敏,5,朱女士,,,武汉幸福里小区西门
FB-20260808-M0026,hotline,监管方,安全,P0,已闭环,NX-QD-0060,北京,接群众举报贵司车辆在未报备路段运营，请立即说明情况,[安全] 接群众举报贵司车辆在未报备路段运营，请立即说明情况,2026-08-08 09:56,2026-08-08 11:13,陈杰,1,,13996486287,是,北京幼儿园门口接送区
FB-20260808-M0020,hotline,路人社区,体验,P2,已闭环,NX-SJZ-0031,成都,车停在人行道正中间挡路，轮椅都过不去,[体验] 车停在人行道正中间挡路，轮椅都过不去,2026-08-08 10:13,2026-08-09 07:02,刘敏,4,吴师傅,,,
FB-20260808-M0005,wechat_group,快递员,建议,P3,已闭环,NX-TS-0119,无锡,建议增加夜间接驳班次，早上到岗就能直接派件,[建议] 建议增加夜间接驳班次，早上到岗就能直接派件,2026-08-08 10:26,2026-08-09 17:56,陈杰,2,郑经理,,是,
FB-20260808-M0024,hotline,RaaS商户,体验,P2,已闭环,NX-SJZ-0073,深圳,车到了以后找不到具体停哪，电话也没人接，转了两圈才找到,[体验] 车到了以后找不到具体停哪，电话也没人接，转了两圈才找到,2026-08-08 12:14,2026-08-09 02:31,赵磊,5,马老板,,是,深圳生鲜超市收货区
FB-20260808-M0018,manual,网点经理,故障,P1,已闭环,NX-TS-0084,武汉,车辆充电桩故障，明早的班次跑不了，急需处理,[故障] 车辆充电桩故障，明早的班次跑不了，急需处理,2026-08-08 13:04,2026-08-08 18:17,刘敏,5,,,,
FB-20260808-M0022,didi_review,RaaS商户,投诉,P2,已闭环,NX-TS-0413,杭州,扫码开柜失败三次，货卡在车里取不出来，耽误我给客户交货,[投诉] 扫码开柜失败三次，货卡在车里取不出来，耽误我给客户交货,2026-08-08 13:38,2026-08-09 01:34,赵磊,4,,,是,
FB-20260808-M0001,didi_review,RaaS商户,体验,P2,已闭环,NX-SJZ-0421,天水,下单后等了15分钟车才到，比页面预估晚了一倍，急单只能改叫货拉拉,[体验] 下单后等了15分钟车才到，比页面预估晚了一倍，急单只能改叫货...,2026-08-08 15:10,2026-08-09 02:31,张伟,5,,,是,
FB-20260808-M0006,scan_qr,快递员,建议,P3,已闭环,NX-SZ-0041,无锡,建议增加夜间接驳班次，早上到岗就能直接派件,[建议] 建议增加夜间接驳班次，早上到岗就能直接派件,2026-08-08 18:00,2026-08-08 19:17,王强,3,,13862118233,否,
FB-20260808-M0027,wechat_group,快递员,建议,P3,已闭环,NX-SJZ-0311,深圳,希望车上加个保温格，夏天生鲜件不敢放,[建议] 希望车上加个保温格，夏天生鲜件不敢放,2026-08-08 18:14,2026-08-09 05:43,陈杰,4,孙先生,,,深圳美食街路口
FB-20260808-M0017,hotline,RaaS商户,建议,P3,已闭环,NX-BJ-0203,天水,建议支持预约固定时段用车，我们每天下午都要发一批货,[建议] 建议支持预约固定时段用车，我们每天下午都要发一批货,2026-08-08 18:18,2026-08-10 17:35,刘敏,4,,,,天水写字楼大堂快递点
FB-20260808-M0023,wechat_group,网点经理,体验,P2,已闭环,NX-QD-0283,武汉,月租扣费对不上账，多扣了一次，找谁核对？,[体验] 月租扣费对不上账，多扣了一次，找谁核对？,2026-08-08 18:23,2026-08-09 10:01,李娜,5,周女士,,否,武汉幸福里小区西门
FB-20260808-M0016,scan_qr,路人社区,体验,P2,已闭环,NX-QD-0154,苏州,半夜车经过提示音太响，吵得没法睡觉,[体验] 半夜车经过提示音太响，吵得没法睡觉,2026-08-08 19:02,2026-08-09 14:52,赵磊,5,,,,苏州朝阳小区3号楼东门
FB-20260808-M0019,wechat_group,快递员,故障,P1,已闭环,NX-BJ-0243,石家庄,今早车没按时到网点，等到9点才来，派件全耽误了,[故障] 今早车没按时到网点，等到9点才来，派件全耽误了,2026-08-08 19:08,2026-08-08 21:18,张伟,4,,13407931102,否,石家庄幸福里小区西门
FB-20260808-M0007,wechat_group,网点经理,体验,P2,已闭环,NX-QD-0167,石家庄,大促期间车次不够用，能不能临时加车？上报了26天没回音,[体验] 大促期间车次不够用，能不能临时加车？上报了26天没回音,2026-08-08 19:29,2026-08-09 01:25,李娜,4,朱女士,13937966033,是,石家庄驿站站点门口
FB-20260808-M0002,hotline,RaaS商户,建议,P3,已闭环,NX-SJZ-0022,天水,建议支持预约固定时段用车，我们每天下午都要发一批货,[建议] 建议支持预约固定时段用车，我们每天下午都要发一批货,2026-08-08 19:35,2026-08-08 20:32,王强,5,,,否,天水科技园南门斑马线
FB-20260808-M0009,didi_review,RaaS商户,投诉,P2,已闭环,NX-BJ-0472,青岛,扫码开柜失败三次，货卡在车里取不出来，耽误我给客户交货,[投诉] 扫码开柜失败三次，货卡在车里取不出来，耽误我给客户交货,2026-08-08 22:40,2026-08-09 18:53,李娜,3,,13641383670,,
FB-20260808-M0010,scan_qr,RaaS商户,体验,P2,已闭环,NX-TS-0064,深圳,车到了以后找不到具体停哪，电话也没人接，转了两圈才找到,[体验] 车到了以后找不到具体停哪，电话也没人接，转了两圈才找到,2026-08-08 23:44,2026-08-09 02:43,刘敏,2,朱女士,13933163735,是,深圳写字楼大堂快递点
FB-20260809-M0026,scan_qr,路人社区,投诉,P3,已闭环,NX-QD-0370,北京,小区里车速有点快，建议限速，孩子多的地方危险,[投诉] 小区里车速有点快，建议限速，孩子多的地方危险,2026-08-09 00:09,2026-08-10 22:11,刘敏,5,,,否,北京科技园南门斑马线
FB-20260809-M0005,hotline,收件人,建议,P3,已闭环,NX-QD-0025,青岛,建议取件通知提前十分钟发，不然赶不上车,[建议] 建议取件通知提前十分钟发，不然赶不上车,2026-08-09 01:54,2026-08-09 14:43,王强,4,马老板,,是,青岛大学北门学生宿舍区
FB-20260809-M0015,social_media,路人社区,投诉,P3,已闭环,NX-SZ-0212,杭州,小区里车速有点快，建议限速，孩子多的地方危险,[投诉] 小区里车速有点快，建议限速，孩子多的地方危险,2026-08-09 02:42,2026-08-09 16:58,赵磊,4,马老板,,是,
FB-20260809-M0022,scan_qr,路人社区,投诉,P3,已闭环,NX-BJ-0194,青岛,小区里车速有点快，建议限速，孩子多的地方危险,[投诉] 小区里车速有点快，建议限速，孩子多的地方危险,2026-08-09 03:25,2026-08-09 10:19,李娜,5,吴师傅,13959473721,,
FB-20260809-M0020,hotline,路人社区,投诉,P3,已闭环,NX-TS-0116,青岛,小区里车速有点快，建议限速，孩子多的地方危险,[投诉] 小区里车速有点快，建议限速，孩子多的地方危险,2026-08-09 03:51,2026-08-10 05:40,赵磊,4,,,是,青岛科技园南门斑马线
FB-20260809-M0009,hotline,网点经理,建议,P3,已闭环,NX-SZ-0049,北京,建议给网点开个数据后台，能看每台车每天跑了多少单,[建议] 建议给网点开个数据后台，能看每台车每天跑了多少单,2026-08-09 05:18,2026-08-10 04:02,刘敏,5,,13243864908,是,北京驿站站点门口
FB-20260809-M0017,hotline,RaaS商户,投诉,P2,已闭环,NX-BJ-0286,成都,运费比谈好的贵了，说是里程算法调整，事先没通知,[投诉] 运费比谈好的贵了，说是里程算法调整，事先没通知,2026-08-09 07:15,2026-08-09 20:54,刘敏,4,马老板,13858193242,,成都美食街路口
FB-20260809-M0016,hotline,RaaS商户,建议,P3,已闭环,NX-SJZ-0013,石家庄,建议支持预约固定时段用车，我们每天下午都要发一批货,[建议] 建议支持预约固定时段用车，我们每天下午都要发一批货,2026-08-09 08:07,2026-08-10 08:53,王强,5,钱先生,,否,
FB-20260809-M0001,wechat_group,快递员,体验,P2,已闭环,NX-TS-0036,杭州,app上显示车已到，实际还差两条街，白跑一趟,[体验] app上显示车已到，实际还差两条街，白跑一趟,2026-08-09 09:00,2026-08-10 02:28,李娜,4,,13745961586,,
FB-20260809-M0025,social_media,收件人,建议,P3,已闭环,NX-TS-0439,苏州,建议取件通知提前十分钟发，不然赶不上车,[建议] 建议取件通知提前十分钟发，不然赶不上车,2026-08-09 09:07,2026-08-09 22:19,陈杰,4,周女士,13846019134,是,
FB-20260809-M0003,hotline,路人社区,投诉,P3,已闭环,NX-QD-0398,青岛,小区里车速有点快，建议限速，孩子多的地方危险,[投诉] 小区里车速有点快，建议限速，孩子多的地方危险,2026-08-09 09:28,2026-08-10 00:00,陈杰,5,孙先生,,否,
FB-20260809-M0023,hotline,RaaS商户,建议,P3,已闭环,NX-QD-0055,深圳,建议支持预约固定时段用车，我们每天下午都要发一批货,[建议] 建议支持预约固定时段用车，我们每天下午都要发一批货,2026-08-09 09:42,2026-08-10 18:35,李娜,3,,13933067458,是,深圳幼儿园门口接送区
FB-20260809-M0008,didi_review,RaaS商户,建议,P3,已闭环,NX-QD-0079,石家庄,建议支持预约固定时段用车，我们每天下午都要发一批货,[建议] 建议支持预约固定时段用车，我们每天下午都要发一批货,2026-08-09 11:26,2026-08-11 07:39,张伟,5,周女士,,是,石家庄幼儿园门口接送区
FB-20260809-M0018,social_media,路人社区,投诉,P3,已闭环,NX-QD-0289,杭州,小区里车速有点快，建议限速，孩子多的地方危险,[投诉] 小区里车速有点快，建议限速，孩子多的地方危险,2026-08-09 13:16,2026-08-10 00:08,刘敏,5,,,否,杭州幼儿园门口接送区
FB-20260809-M0019,hotline,收件人,投诉,P2,已闭环,NX-BJ-0407,北京,取件时柜门夹了一下手，虽然没受伤但很吓人，要给个说法,[投诉] 取件时柜门夹了一下手，虽然没受伤但很吓人，要给个说法,2026-08-09 17:48,2026-08-10 15:26,李娜,5,吴师傅,,,
FB-20260809-M0013,hotline,RaaS商户,投诉,P2,已闭环,NX-QD-0433,石家庄,运费比谈好的贵了，说是里程算法调整，事先没通知,[投诉] 运费比谈好的贵了，说是里程算法调整，事先没通知,2026-08-09 18:17,2026-08-10 17:10,张伟,4,,,是,
FB-20260809-M0006,wechat_group,网点经理,建议,P3,已闭环,NX-SJZ-0473,石家庄,建议给网点开个数据后台，能看每台车每天跑了多少单,[建议] 建议给网点开个数据后台，能看每台车每天跑了多少单,2026-08-09 18:23,2026-08-11 07:52,张伟,4,,13328338988,,石家庄万达广场B1快递柜旁
FB-20260809-M0002,scan_qr,路人社区,投诉,P3,已闭环,NX-QD-0387,无锡,小区里车速有点快，建议限速，孩子多的地方危险,[投诉] 小区里车速有点快，建议限速，孩子多的地方危险,2026-08-09 18:44,2026-08-11 02:47,陈杰,2,钱先生,,是,无锡生鲜超市收货区
FB-20260809-M0010,hotline,网点经理,体验,P2,已闭环,NX-SJZ-0203,北京,月租扣费对不上账，多扣了一次，找谁核对？,[体验] 月租扣费对不上账，多扣了一次，找谁核对？,2026-08-09 18:45,2026-08-10 17:42,李娜,4,,,,北京幸福里小区西门
FB-20260809-M0024,scan_qr,收件人,建议,P3,已闭环,NX-SJZ-0019,天水,建议取件通知提前十分钟发，不然赶不上车,[建议] 建议取件通知提前十分钟发，不然赶不上车,2026-08-09 19:18,2026-08-11 02:50,张伟,3,郑经理,,,天水生鲜超市收货区
FB-20260809-M0021,hotline,网点经理,体验,P2,已闭环,NX-TS-0075,北京,月租扣费对不上账，多扣了一次，找谁核对？,[体验] 月租扣费对不上账，多扣了一次，找谁核对？,2026-08-09 19:29,2026-08-10 10:08,王强,2,,13763425073,是,北京幼儿园门口接送区
FB-20260809-M0004,hotline,收件人,建议,P3,已闭环,NX-SZ-0475,苏州,建议取件通知提前十分钟发，不然赶不上车,[建议] 建议取件通知提前十分钟发，不然赶不上车,2026-08-09 19:35,2026-08-11 11:02,陈杰,4,朱女士,,否,
FB-20260809-M0007,didi_review,RaaS商户,建议,P3,已闭环,NX-SJZ-0094,杭州,建议支持预约固定时段用车，我们每天下午都要发一批货,[建议] 建议支持预约固定时段用车，我们每天下午都要发一批货,2026-08-09 20:27,2026-08-11 15:21,张伟,5,,,是,杭州科技园南门斑马线
FB-20260809-M0014,manual,网点经理,体验,P2,已闭环,NX-BJ-0256,北京,大促期间车次不够用，能不能临时加车？上报了15天没回音,[体验] 大促期间车次不够用，能不能临时加车？上报了15天没回音,2026-08-09 21:28,2026-08-10 16:25,张伟,5,朱女士,13633991297,是,北京地铁2号线C出口
FB-20260809-M0011,hotline,网点经理,建议,P3,已闭环,NX-QD-0006,深圳,建议给网点开个数据后台，能看每台车每天跑了多少单,[建议] 建议给网点开个数据后台，能看每台车每天跑了多少单,2026-08-09 21:37,2026-08-10 18:43,张伟,5,,13136749261,,深圳写字楼大堂快递点
FB-20260809-M0012,hotline,路人社区,投诉,P3,已闭环,NX-TS-0283,深圳,小区里车速有点快，建议限速，孩子多的地方危险,[投诉] 小区里车速有点快，建议限速，孩子多的地方危险,2026-08-09 22:44,2026-08-11 02:24,陈杰,5,周女士,,是,深圳美食街路口
FB-20260810-M0005,scan_qr,收件人,体验,P2,已闭环,NX-SJZ-0054,青岛,取件的格子太高，老人踮脚都够不着,[体验] 取件的格子太高，老人踮脚都够不着,2026-08-10 00:33,2026-08-10 18:21,刘敏,4,马老板,,,
FB-20260810-M0007,hotline,路人社区,安全,P0,已闭环,NX-QD-0097,武汉,车过路口没让行人，差点撞到推婴儿车的，太危险了,[安全] 车过路口没让行人，差点撞到推婴儿车的，太危险了,2026-08-10 00:44,2026-08-10 02:36,刘敏,2,孙先生,,,武汉朝阳小区3号楼东门
FB-20260810-M0010,scan_qr,RaaS商户,建议,P3,已闭环,NX-SZ-0206,石家庄,建议支持预约固定时段用车，我们每天下午都要发一批货,[建议] 建议支持预约固定时段用车，我们每天下午都要发一批货,2026-08-10 01:04,2026-08-11 00:08,陈杰,4,吴师傅,13599281615,否,
FB-20260810-M0004,hotline,监管方,投诉,P1,已闭环,NX-SZ-0071,成都,贵司车辆占用消防通道停放，请24小时内整改并回复,[投诉] 贵司车辆占用消防通道停放，请24小时内整改并回复,2026-08-10 01:24,2026-08-10 07:01,刘敏,5,吴师傅,13720999347,否,成都万达广场B1快递柜旁
FB-20260810-M0013,hotline,RaaS商户,体验,P2,已闭环,NX-BJ-0446,杭州,车到了以后找不到具体停哪，电话也没人接，转了两圈才找到,[体验] 车到了以后找不到具体停哪，电话也没人接，转了两圈才找到,2026-08-10 01:50,2026-08-10 05:41,张伟,3,冯阿姨,,是,杭州驿站站点门口
FB-20260810-M0020,social_media,收件人,建议,P3,已闭环,NX-BJ-0339,深圳,建议取件通知提前十分钟发，不然赶不上车,[建议] 建议取件通知提前十分钟发，不然赶不上车,2026-08-10 02:17,2026-08-10 15:59,王强,4,,13496706670,是,深圳中心医院门诊部门口
FB-20260810-M0015,social_media,收件人,建议,P3,已闭环,NX-SJZ-0131,无锡,建议取件通知提前十分钟发，不然赶不上车,[建议] 建议取件通知提前十分钟发，不然赶不上车,2026-08-10 02:58,2026-08-11 18:05,李娜,4,,,否,
FB-20260810-M0022,social_media,路人社区,投诉,P3,已闭环,NX-SZ-0337,石家庄,小区里车速有点快，建议限速，孩子多的地方危险,[投诉] 小区里车速有点快，建议限速，孩子多的地方危险,2026-08-10 03:18,2026-08-11 18:21,王强,3,,13687611249,,
FB-20260810-M0002,wechat_group,网点经理,建议,P3,已闭环,NX-SZ-0469,无锡,希望合同里明确雨雪天停运的责任划分,[建议] 希望合同里明确雨雪天停运的责任划分,2026-08-10 03:22,2026-08-12 00:35,张伟,4,,13662462873,,
FB-20260810-M0017,hotline,监管方,投诉,P1,已闭环,NX-QD-0437,成都,贵司车辆占用消防通道停放，请24小时内整改并回复,[投诉] 贵司车辆占用消防通道停放，请24小时内整改并回复,2026-08-10 04:10,2026-08-10 07:56,李娜,4,,13943202939,否,成都美食街路口
FB-20260810-M0023,scan_qr,快递员,体验,P2,已闭环,NX-BJ-0166,苏州,app上显示车已到，实际还差两条街，白跑一趟,[体验] app上显示车已到，实际还差两条街，白跑一趟,2026-08-10 05:30,2026-08-10 11:55,王强,5,周女士,,,
FB-20260810-M0003,manual,网点经理,体验,P2,已闭环,NX-SJZ-0477,天水,月租扣费对不上账，多扣了一次，找谁核对？,[体验] 月租扣费对不上账，多扣了一次，找谁核对？,2026-08-10 06:28,2026-08-10 23:56,赵磊,4,孙先生,,是,
FB-20260810-M0006,hotline,快递员,建议,P3,已闭环,NX-SZ-0397,无锡,建议增加夜间接驳班次，早上到岗就能直接派件,[建议] 建议增加夜间接驳班次，早上到岗就能直接派件,2026-08-10 06:28,2026-08-11 18:20,赵磊,5,冯阿姨,13615939982,,无锡写字楼大堂快递点
FB-20260810-M0001,scan_qr,路人社区,投诉,P3,已闭环,NX-BJ-0246,成都,小区里车速有点快，建议限速，孩子多的地方危险,[投诉] 小区里车速有点快，建议限速，孩子多的地方危险,2026-08-10 08:49,2026-08-11 02:30,刘敏,4,郑经理,,是,成都写字楼大堂快递点
FB-20260810-M0025,scan_qr,路人社区,安全,P0,已闭环,NX-QD-0192,青岛,车过路口没让行人，差点撞到推婴儿车的，太危险了,[安全] 车过路口没让行人，差点撞到推婴儿车的，太危险了,2026-08-10 09:29,2026-08-10 11:03,张伟,4,吴师傅,,是,
FB-20260810-M0021,hotline,网点经理,建议,P3,已闭环,NX-SJZ-0340,无锡,希望合同里明确雨雪天停运的责任划分,[建议] 希望合同里明确雨雪天停运的责任划分,2026-08-10 09:38,2026-08-11 03:05,刘敏,4,周女士,,,无锡生鲜超市收货区
FB-20260810-M0009,manual,网点经理,建议,P3,已闭环,NX-TS-0139,青岛,希望合同里明确雨雪天停运的责任划分,[建议] 希望合同里明确雨雪天停运的责任划分,2026-08-10 09:44,2026-08-11 19:25,张伟,5,,,是,青岛幸福里小区西门
FB-20260810-M0014,social_media,收件人,建议,P3,已闭环,NX-SZ-0175,成都,建议取件通知提前十分钟发，不然赶不上车,[建议] 建议取件通知提前十分钟发，不然赶不上车,2026-08-10 09:55,2026-08-11 05:17,张伟,5,,,否,
FB-20260810-M0018,scan_qr,RaaS商户,体验,P2,已闭环,NX-TS-0316,武汉,车到了以后找不到具体停哪，电话也没人接，转了两圈才找到,[体验] 车到了以后找不到具体停哪，电话也没人接，转了两圈才找到,2026-08-10 10:44,2026-08-10 21:29,李娜,2,,,否,武汉美食街路口
FB-20260810-M0008,hotline,快递员,体验,P2,已闭环,NX-BJ-0007,无锡,装货的时候柜格分配不合理，大件塞不进去只能空着跑,[体验] 装货的时候柜格分配不合理，大件塞不进去只能空着跑,2026-08-10 12:06,2026-08-10 13:20,李娜,4,马老板,,,无锡幸福里小区西门
FB-20260810-M0019,hotline,RaaS商户,体验,P2,已闭环,NX-BJ-0026,杭州,下单后等了24分钟车才到，比页面预估晚了一倍，急单只能改叫货拉拉,[体验] 下单后等了24分钟车才到，比页面预估晚了一倍，急单只能改叫货...,2026-08-10 18:04,2026-08-11 13:21,王强,5,冯阿姨,,是,杭州中心医院门诊部门口
FB-20260810-M0024,hotline,RaaS商户,投诉,P2,已闭环,NX-TS-0369,武汉,运费比谈好的贵了，说是里程算法调整，事先没通知,[投诉] 运费比谈好的贵了，说是里程算法调整，事先没通知,2026-08-10 19:24,2026-08-11 03:15,王强,5,孙先生,13141884216,是,武汉万达广场B1快递柜旁
FB-20260810-M0026,social_media,路人社区,投诉,P3,已闭环,NX-BJ-0440,苏州,小区里车速有点快，建议限速，孩子多的地方危险,[投诉] 小区里车速有点快，建议限速，孩子多的地方危险,2026-08-10 19:35,2026-08-12 19:23,张伟,3,孙先生,,否,苏州中心医院门诊部门口
FB-20260810-M0011,manual,网点经理,建议,P3,已闭环,NX-TS-0387,深圳,建议给网点开个数据后台，能看每台车每天跑了多少单,[建议] 建议给网点开个数据后台，能看每台车每天跑了多少单,2026-08-10 21:04,2026-08-12 17:53,李娜,4,孙先生,,,深圳生鲜超市收货区
FB-20260810-M0012,manual,监管方,投诉,P1,已闭环,NX-QD-0136,石家庄,贵司车辆占用消防通道停放，请24小时内整改并回复,[投诉] 贵司车辆占用消防通道停放，请24小时内整改并回复,2026-08-10 21:10,2026-08-11 02:16,张伟,4,马老板,,,
FB-20260810-M0016,hotline,收件人,建议,P3,已闭环,NX-TS-0030,天水,建议取件通知提前十分钟发，不然赶不上车,[建议] 建议取件通知提前十分钟发，不然赶不上车,2026-08-10 21:38,2026-08-11 18:31,王强,4,,,,
FB-20260811-M0029,hotline,RaaS商户,建议,P3,已闭环,NX-SZ-0470,石家庄,建议支持预约固定时段用车，我们每天下午都要发一批货,[建议] 建议支持预约固定时段用车，我们每天下午都要发一批货,2026-08-11 01:31,2026-08-12 22:58,李娜,4,,,,石家庄幼儿园门口接送区
FB-20260811-M0028,social_media,路人社区,投诉,P3,已闭环,NX-SJZ-0445,苏州,小区里车速有点快，建议限速，孩子多的地方危险,[投诉] 小区里车速有点快，建议限速，孩子多的地方危险,2026-08-11 01:44,2026-08-11 12:02,赵磊,4,吴师傅,,否,苏州大学北门学生宿舍区
FB-20260811-M0006,scan_qr,收件人,投诉,P2,已闭环,NX-QD-0186,杭州,取件时柜门夹了一下手，虽然没受伤但很吓人，要给个说法,[投诉] 取件时柜门夹了一下手，虽然没受伤但很吓人，要给个说法,2026-08-11 02:46,2026-08-11 23:42,刘敏,4,,13016582029,否,杭州万达广场B1快递柜旁
FB-20260811-M0009,hotline,RaaS商户,建议,P3,已闭环,NX-TS-0002,杭州,建议支持预约固定时段用车，我们每天下午都要发一批货,[建议] 建议支持预约固定时段用车，我们每天下午都要发一批货,2026-08-11 04:40,2026-08-12 18:54,赵磊,3,冯阿姨,,,
FB-20260811-M0011,manual,网点经理,体验,P2,已闭环,NX-SJZ-0377,青岛,月租扣费对不上账，多扣了一次，找谁核对？,[体验] 月租扣费对不上账，多扣了一次，找谁核对？,2026-08-11 05:25,2026-08-11 14:28,赵磊,5,吴师傅,,是,青岛幼儿园门口接送区
FB-20260811-M0010,scan_qr,路人社区,投诉,P3,已闭环,NX-BJ-0484,天水,小区里车速有点快，建议限速，孩子多的地方危险,[投诉] 小区里车速有点快，建议限速，孩子多的地方危险,2026-08-11 05:37,2026-08-11 10:39,李娜,5,,13906234456,,天水地铁2号线C出口
FB-20260811-M0013,scan_qr,收件人,建议,P3,已闭环,NX-QD-0019,苏州,建议取件通知提前十分钟发，不然赶不上车,[建议] 建议取件通知提前十分钟发，不然赶不上车,2026-08-11 05:38,2026-08-12 10:38,李娜,5,,,否,苏州科技园南门斑马线
FB-20260811-M0025,social_media,路人社区,体验,P2,已闭环,NX-BJ-0062,成都,半夜车经过提示音太响，吵得没法睡觉,[体验] 半夜车经过提示音太响，吵得没法睡觉,2026-08-11 06:42,2026-08-12 03:19,陈杰,3,钱先生,,是,成都幸福里小区西门
FB-20260811-M0019,didi_review,RaaS商户,建议,P3,已闭环,NX-QD-0024,青岛,建议支持预约固定时段用车，我们每天下午都要发一批货,[建议] 建议支持预约固定时段用车，我们每天下午都要发一批货,2026-08-11 07:58,2026-08-12 05:10,陈杰,4,,,,青岛美食街路口
FB-20260811-M0005,didi_review,RaaS商户,建议,P3,已闭环,NX-SZ-0466,杭州,建议支持预约固定时段用车，我们每天下午都要发一批货,[建议] 建议支持预约固定时段用车，我们每天下午都要发一批货,2026-08-11 08:02,2026-08-11 11:14,陈杰,3,周女士,,否,杭州美食街路口
FB-20260811-M0030,hotline,快递员,故障,P1,已闭环,NX-TS-0374,深圳,车到驿站门口柜门打不开，急着派件，卡了快11分钟了,[故障] 车到驿站门口柜门打不开，急着派件，卡了快11分钟了,2026-08-11 08:09,2026-08-11 14:04,陈杰,5,钱先生,,,深圳写字楼大堂快递点
FB-20260811-M0018,hotline,路人社区,投诉,P3,已闭环,NX-SZ-0410,无锡,小区里车速有点快，建议限速，孩子多的地方危险,[投诉] 小区里车速有点快，建议限速，孩子多的地方危险,2026-08-11 08:10,2026-08-11 15:18,赵磊,3,郑经理,13402665023,,无锡生鲜超市收货区
FB-20260811-M0002,manual,网点经理,体验,P2,已闭环,NX-TS-0172,石家庄,月租扣费对不上账，多扣了一次，找谁核对？,[体验] 月租扣费对不上账，多扣了一次，找谁核对？,2026-08-11 08:28,2026-08-12 00:50,张伟,4,,,,石家庄写字楼大堂快递点
FB-20260811-M0014,wechat_group,网点经理,故障,P1,已闭环,NX-BJ-0263,深圳,今天两台车同时趴窝，网点到驿站的接驳全断了，损失不小,[故障] 今天两台车同时趴窝，网点到驿站的接驳全断了，损失不小,2026-08-11 08:30,2026-08-11 11:00,王强,4,朱女士,,否,
FB-20260811-M0021,hotline,RaaS商户,建议,P3,已闭环,NX-BJ-0242,天水,建议支持预约固定时段用车，我们每天下午都要发一批货,[建议] 建议支持预约固定时段用车，我们每天下午都要发一批货,2026-08-11 09:10,2026-08-12 07:32,陈杰,4,吴师傅,13123361328,,天水科技园南门斑马线
FB-20260811-M0016,hotline,网点经理,建议,P3,已闭环,NX-SJZ-0092,无锡,希望合同里明确雨雪天停运的责任划分,[建议] 希望合同里明确雨雪天停运的责任划分,2026-08-11 09:36,2026-08-11 11:57,陈杰,5,,,是,无锡科技园南门斑马线
FB-20260811-M0024,hotline,收件人,建议,P3,已闭环,NX-TS-0151,深圳,建议取件通知提前十分钟发，不然赶不上车,[建议] 建议取件通知提前十分钟发，不然赶不上车,2026-08-11 09:41,2026-08-12 01:52,张伟,5,,,,
FB-20260811-M0012,scan_qr,快递员,体验,P2,已闭环,NX-QD-0364,青岛,app上显示车已到，实际还差两条街，白跑一趟,[体验] app上显示车已到，实际还差两条街，白跑一趟,2026-08-11 09:55,2026-08-11 14:21,王强,3,朱女士,,是,青岛大学北门学生宿舍区
FB-20260811-M0031,scan_qr,RaaS商户,投诉,P2,已闭环,NX-BJ-0043,北京,扫码开柜失败三次，货卡在车里取不出来，耽误我给客户交货,[投诉] 扫码开柜失败三次，货卡在车里取不出来，耽误我给客户交货,2026-08-11 10:43,2026-08-11 17:42,王强,3,孙先生,,,
FB-20260811-M0027,wechat_group,网点经理,建议,P3,已闭环,NX-SZ-0096,成都,建议给网点开个数据后台，能看每台车每天跑了多少单,[建议] 建议给网点开个数据后台，能看每台车每天跑了多少单,2026-08-11 13:09,2026-08-11 14:14,陈杰,5,马老板,,否,
FB-20260811-M0004,hotline,快递员,建议,P3,已闭环,NX-BJ-0301,天水,建议增加夜间接驳班次，早上到岗就能直接派件,[建议] 建议增加夜间接驳班次，早上到岗就能直接派件,2026-08-11 14:26,2026-08-12 07:01,陈杰,4,周女士,13545271111,否,
FB-20260811-M0023,social_media,路人社区,投诉,P3,已闭环,NX-TS-0143,杭州,小区里车速有点快，建议限速，孩子多的地方危险,[投诉] 小区里车速有点快，建议限速，孩子多的地方危险,2026-08-11 15:15,2026-08-12 03:54,张伟,3,,,是,杭州幼儿园门口接送区
FB-20260811-M0003,manual,网点经理,故障,P1,已闭环,NX-SJZ-0036,苏州,今天两台车同时趴窝，网点到驿站的接驳全断了，损失不小,[故障] 今天两台车同时趴窝，网点到驿站的接驳全断了，损失不小,2026-08-11 15:54,2026-08-11 19:07,陈杰,1,钱先生,13431713900,,
FB-20260811-M0001,hotline,路人社区,投诉,P3,已闭环,NX-BJ-0499,北京,小区里车速有点快，建议限速，孩子多的地方危险,[投诉] 小区里车速有点快，建议限速，孩子多的地方危险,2026-08-11 17:51,2026-08-13 11:38,刘敏,3,朱女士,13235116155,否,
FB-20260811-M0015,scan_qr,收件人,体验,P2,已闭环,NX-TS-0079,石家庄,取件码输了没反应，柜门不开，站在车边上等了18分钟,[体验] 取件码输了没反应，柜门不开，站在车边上等了18分钟,2026-08-11 18:02,2026-08-12 12:04,张伟,2,周女士,,否,石家庄地铁2号线C出口
FB-20260811-M0020,scan_qr,收件人,建议,P3,已闭环,NX-SZ-0065,武汉,建议取件通知提前十分钟发，不然赶不上车,[建议] 建议取件通知提前十分钟发，不然赶不上车,2026-08-11 18:26,2026-08-12 16:50,刘敏,2,朱女士,13294398529,否,
FB-20260811-M0007,hotline,网点经理,体验,P2,已闭环,NX-QD-0315,石家庄,大促期间车次不够用，能不能临时加车？上报了12天没回音,[体验] 大促期间车次不够用，能不能临时加车？上报了12天没回音,2026-08-11 19:10,2026-08-12 05:11,李娜,4,,,是,
FB-20260811-M0022,scan_qr,路人社区,体验,P2,已闭环,NX-SJZ-0320,天水,半夜车经过提示音太响，吵得没法睡觉,[体验] 半夜车经过提示音太响，吵得没法睡觉,2026-08-11 19:13,2026-08-12 08:13,陈杰,5,朱女士,13917851385,是,天水生鲜超市收货区
FB-20260811-M0017,manual,网点经理,建议,P3,已闭环,NX-QD-0197,深圳,希望合同里明确雨雪天停运的责任划分,[建议] 希望合同里明确雨雪天停运的责任划分,2026-08-11 19:29,2026-08-12 09:26,刘敏,4,钱先生,13732300857,否,
FB-20260811-M0032,manual,网点经理,建议,P3,已闭环,NX-BJ-0372,成都,希望合同里明确雨雪天停运的责任划分,[建议] 希望合同里明确雨雪天停运的责任划分,2026-08-11 19:34,2026-08-12 23:18,李娜,5,郑经理,,,成都地铁2号线C出口
FB-20260811-M0026,wechat_group,网点经理,建议,P3,已闭环,NX-BJ-0102,成都,希望合同里明确雨雪天停运的责任划分,[建议] 希望合同里明确雨雪天停运的责任划分,2026-08-11 19:35,2026-08-13 18:50,赵磊,5,,,是,成都写字楼大堂快递点
FB-20260811-M0008,manual,网点经理,体验,P2,已闭环,NX-BJ-0270,苏州,月租扣费对不上账，多扣了一次，找谁核对？,[体验] 月租扣费对不上账，多扣了一次，找谁核对？,2026-08-11 23:26,2026-08-12 16:25,刘敏,2,,,,
FB-20260812-M0009,scan_qr,快递员,建议,P3,已闭环,NX-SZ-0091,青岛,希望车上加个保温格，夏天生鲜件不敢放,[建议] 希望车上加个保温格，夏天生鲜件不敢放,2026-08-12 00:35,2026-08-12 12:16,李娜,5,,13588373403,是,
FB-20260812-M0023,hotline,监管方,投诉,P1,已闭环,NX-SJZ-0048,武汉,贵司车辆占用消防通道停放，请24小时内整改并回复,[投诉] 贵司车辆占用消防通道停放，请24小时内整改并回复,2026-08-12 02:13,2026-08-12 06:13,王强,4,,13872333510,是,武汉地铁2号线C出口
FB-20260812-M0021,scan_qr,收件人,建议,P3,已闭环,NX-BJ-0176,成都,建议取件通知提前十分钟发，不然赶不上车,[建议] 建议取件通知提前十分钟发，不然赶不上车,2026-08-12 05:38,2026-08-12 18:09,陈杰,5,,,否,
FB-20260812-M0006,scan_qr,收件人,体验,P2,已闭环,NX-TS-0464,北京,取件的格子太高，老人踮脚都够不着,[体验] 取件的格子太高，老人踮脚都够不着,2026-08-12 06:01,2026-08-12 08:37,李娜,4,,,,北京中心医院门诊部门口
FB-20260812-M0003,hotline,RaaS商户,建议,P3,已闭环,NX-SJZ-0126,北京,建议支持预约固定时段用车，我们每天下午都要发一批货,[建议] 建议支持预约固定时段用车，我们每天下午都要发一批货,2026-08-12 06:48,2026-08-13 13:24,陈杰,3,冯阿姨,,是,北京大学北门学生宿舍区
FB-20260812-M0020,scan_qr,快递员,建议,P3,已闭环,NX-TS-0343,青岛,希望车上加个保温格，夏天生鲜件不敢放,[建议] 希望车上加个保温格，夏天生鲜件不敢放,2026-08-12 08:08,2026-08-14 01:20,赵磊,3,马老板,,,青岛驿站站点门口
FB-20260812-M0008,wechat_group,快递员,建议,P3,已闭环,NX-QD-0059,石家庄,建议增加夜间接驳班次，早上到岗就能直接派件,[建议] 建议增加夜间接驳班次，早上到岗就能直接派件,2026-08-12 08:24,2026-08-12 14:46,张伟,5,,13046184992,否,石家庄幼儿园门口接送区
FB-20260812-M0022,hotline,快递员,建议,P3,已闭环,NX-SJZ-0251,深圳,希望车上加个保温格，夏天生鲜件不敢放,[建议] 希望车上加个保温格，夏天生鲜件不敢放,2026-08-12 08:42,2026-08-13 09:50,刘敏,5,,,是,深圳写字楼大堂快递点
FB-20260812-M0005,didi_review,RaaS商户,建议,P3,已闭环,NX-SZ-0259,苏州,建议支持预约固定时段用车，我们每天下午都要发一批货,[建议] 建议支持预约固定时段用车，我们每天下午都要发一批货,2026-08-12 08:56,2026-08-12 21:59,刘敏,4,孙先生,,否,苏州地铁2号线C出口
FB-20260812-M0012,wechat_group,网点经理,建议,P3,已闭环,NX-QD-0499,杭州,希望合同里明确雨雪天停运的责任划分,[建议] 希望合同里明确雨雪天停运的责任划分,2026-08-12 09:01,2026-08-12 23:18,赵磊,5,,,是,杭州生鲜超市收货区
FB-20260812-M0011,social_media,收件人,体验,P2,已闭环,NX-BJ-0268,深圳,通知说车到楼下了，下去发现车已经开走了,[体验] 通知说车到楼下了，下去发现车已经开走了,2026-08-12 09:16,2026-08-13 00:27,李娜,4,,13082973748,,
FB-20260812-M0018,manual,网点经理,故障,P1,已闭环,NX-TS-0169,石家庄,车辆充电桩故障，明早的班次跑不了，急需处理,[故障] 车辆充电桩故障，明早的班次跑不了，急需处理,2026-08-12 09:51,2026-08-12 13:39,李娜,4,,13350476392,否,
FB-20260812-M0016,hotline,路人社区,投诉,P3,已闭环,NX-SZ-0424,杭州,小区里车速有点快，建议限速，孩子多的地方危险,[投诉] 小区里车速有点快，建议限速，孩子多的地方危险,2026-08-12 10:17,2026-08-14 09:00,刘敏,4,,13369036289,,杭州写字楼大堂快递点
FB-20260812-M0001,scan_qr,RaaS商户,建议,P3,已闭环,NX-QD-0431,成都,建议支持预约固定时段用车，我们每天下午都要发一批货,[建议] 建议支持预约固定时段用车，我们每天下午都要发一批货,2026-08-12 10:29,2026-08-12 11:08,赵磊,3,,,,
FB-20260812-M0010,social_media,收件人,建议,P3,已闭环,NX-SZ-0290,武汉,建议取件通知提前十分钟发，不然赶不上车,[建议] 建议取件通知提前十分钟发，不然赶不上车,2026-08-12 11:31,2026-08-14 07:05,刘敏,4,冯阿姨,,,
FB-20260812-M0024,hotline,网点经理,建议,P3,已闭环,NX-BJ-0096,深圳,希望合同里明确雨雪天停运的责任划分,[建议] 希望合同里明确雨雪天停运的责任划分,2026-08-12 13:06,2026-08-13 04:18,刘敏,3,孙先生,,是,深圳大学北门学生宿舍区
FB-20260812-M0017,social_media,收件人,体验,P2,已闭环,NX-SZ-0056,成都,取件码输了没反应，柜门不开，站在车边上等了27分钟,[体验] 取件码输了没反应，柜门不开，站在车边上等了27分钟,2026-08-12 13:09,2026-08-12 22:58,赵磊,4,马老板,13106634362,否,
FB-20260812-M0013,wechat_group,快递员,建议,P3,已闭环,NX-QD-0291,成都,希望车上加个保温格，夏天生鲜件不敢放,[建议] 希望车上加个保温格，夏天生鲜件不敢放,2026-08-12 14:58,2026-08-14 09:33,刘敏,5,,,是,
FB-20260812-M0019,manual,监管方,投诉,P1,已闭环,NX-QD-0370,无锡,贵司车辆占用消防通道停放，请24小时内整改并回复,[投诉] 贵司车辆占用消防通道停放，请24小时内整改并回复,2026-08-12 17:22,2026-08-13 01:09,赵磊,4,马老板,13550291681,是,无锡朝阳小区3号楼东门
FB-20260812-M0007,hotline,快递员,体验,P2,已闭环,NX-SJZ-0062,武汉,app上显示车已到，实际还差两条街，白跑一趟,[体验] app上显示车已到，实际还差两条街，白跑一趟,2026-08-12 18:36,2026-08-13 15:49,刘敏,4,孙先生,,,
FB-20260812-M0014,hotline,RaaS商户,体验,P2,已闭环,NX-QD-0187,无锡,下单后等了11分钟车才到，比页面预估晚了一倍，急单只能改叫货拉拉,[体验] 下单后等了11分钟车才到，比页面预估晚了一倍，急单只能改叫货...,2026-08-12 19:12,2026-08-12 21:41,刘敏,4,周女士,,是,无锡中心医院门诊部门口
FB-20260812-M0002,hotline,收件人,体验,P2,已闭环,NX-BJ-0451,苏州,取件码输了没反应，柜门不开，站在车边上等了10分钟,[体验] 取件码输了没反应，柜门不开，站在车边上等了10分钟,2026-08-12 20:59,2026-08-13 03:36,李娜,4,冯阿姨,13475107991,是,苏州科技园南门斑马线
FB-20260812-M0015,social_media,路人社区,投诉,P3,已闭环,NX-SZ-0339,无锡,小区里车速有点快，建议限速，孩子多的地方危险,[投诉] 小区里车速有点快，建议限速，孩子多的地方危险,2026-08-12 21:38,2026-08-13 06:44,王强,4,,,否,无锡万达广场B1快递柜旁
FB-20260812-M0004,hotline,RaaS商户,体验,P2,已闭环,NX-SZ-0067,青岛,车到了以后找不到具体停哪，电话也没人接，转了两圈才找到,[体验] 车到了以后找不到具体停哪，电话也没人接，转了两圈才找到,2026-08-12 21:43,2026-08-13 12:16,陈杰,3,,13186449251,否,
FB-20260813-M0021,hotline,路人社区,体验,P2,已闭环,NX-QD-0394,深圳,半夜车经过提示音太响，吵得没法睡觉,[体验] 半夜车经过提示音太响，吵得没法睡觉,2026-08-13 00:27,2026-08-13 02:04,陈杰,5,,,,深圳美食街路口
FB-20260813-M0015,scan_qr,快递员,建议,P3,已闭环,NX-SJZ-0243,武汉,希望车上加个保温格，夏天生鲜件不敢放,[建议] 希望车上加个保温格，夏天生鲜件不敢放,2026-08-13 02:44,2026-08-14 12:41,赵磊,5,孙先生,,,
FB-20260813-M0010,hotline,RaaS商户,建议,P3,已闭环,NX-SZ-0044,石家庄,建议支持预约固定时段用车，我们每天下午都要发一批货,[建议] 建议支持预约固定时段用车，我们每天下午都要发一批货,2026-08-13 03:40,2026-08-15 03:31,赵磊,4,钱先生,13743280634,否,
FB-20260813-M0018,manual,监管方,安全,P0,已闭环,NX-QD-0369,深圳,接群众举报贵司车辆在未报备路段运营，请立即说明情况,[安全] 接群众举报贵司车辆在未报备路段运营，请立即说明情况,2026-08-13 08:02,2026-08-13 09:34,王强,5,钱先生,,,深圳大学北门学生宿舍区
FB-20260813-M0004,scan_qr,快递员,建议,P3,已闭环,NX-BJ-0286,成都,建议增加夜间接驳班次，早上到岗就能直接派件,[建议] 建议增加夜间接驳班次，早上到岗就能直接派件,2026-08-13 08:14,2026-08-14 10:22,陈杰,3,,13439599534,,成都地铁2号线C出口
FB-20260813-M0012,wechat_group,快递员,建议,P3,已闭环,NX-SZ-0221,无锡,希望车上加个保温格，夏天生鲜件不敢放,[建议] 希望车上加个保温格，夏天生鲜件不敢放,2026-08-13 08:20,2026-08-15 01:20,李娜,4,吴师傅,,,
FB-20260813-M0006,scan_qr,RaaS商户,建议,P3,已闭环,NX-TS-0391,杭州,建议支持预约固定时段用车，我们每天下午都要发一批货,[建议] 建议支持预约固定时段用车，我们每天下午都要发一批货,2026-08-13 08:47,2026-08-13 10:57,李娜,3,,13387584282,是,杭州地铁2号线C出口
FB-20260813-M0003,hotline,路人社区,体验,P2,已闭环,NX-QD-0098,青岛,半夜车经过提示音太响，吵得没法睡觉,[体验] 半夜车经过提示音太响，吵得没法睡觉,2026-08-13 08:48,2026-08-13 18:00,李娜,4,马老板,13732104696,是,
FB-20260813-M0013,hotline,RaaS商户,投诉,P2,已闭环,NX-SJZ-0135,苏州,运费比谈好的贵了，说是里程算法调整，事先没通知,[投诉] 运费比谈好的贵了，说是里程算法调整，事先没通知,2026-08-13 08:53,2026-08-14 06:09,赵磊,5,,,否,
FB-20260813-M0014,scan_qr,快递员,故障,P1,已闭环,NX-TS-0232,杭州,车到驿站门口柜门打不开，急着派件，卡了快28分钟了,[故障] 车到驿站门口柜门打不开，急着派件，卡了快28分钟了,2026-08-13 08:55,2026-08-13 14:04,王强,5,周女士,13249127113,是,杭州朝阳小区3号楼东门
FB-20260813-M0001,social_media,路人社区,投诉,P3,已闭环,NX-SZ-0353,成都,小区里车速有点快，建议限速，孩子多的地方危险,[投诉] 小区里车速有点快，建议限速，孩子多的地方危险,2026-08-13 08:58,2026-08-14 06:29,陈杰,3,,13909133412,是,成都朝阳小区3号楼东门
FB-20260813-M0019,hotline,快递员,体验,P2,已闭环,NX-TS-0216,武汉,app上显示车已到，实际还差两条街，白跑一趟,[体验] app上显示车已到，实际还差两条街，白跑一趟,2026-08-13 09:00,2026-08-13 11:03,李娜,3,马老板,,,
FB-20260813-M0007,manual,网点经理,故障,P1,已闭环,NX-BJ-0483,青岛,今天两台车同时趴窝，网点到驿站的接驳全断了，损失不小,[故障] 今天两台车同时趴窝，网点到驿站的接驳全断了，损失不小,2026-08-13 09:29,2026-08-13 12:01,李娜,4,,,否,青岛美食街路口
FB-20260813-M0011,scan_qr,快递员,建议,P3,已闭环,NX-BJ-0120,苏州,建议增加夜间接驳班次，早上到岗就能直接派件,[建议] 建议增加夜间接驳班次，早上到岗就能直接派件,2026-08-13 09:44,2026-08-14 14:17,刘敏,5,,,是,苏州幼儿园门口接送区
FB-20260813-M0005,wechat_group,网点经理,建议,P3,已闭环,NX-QD-0160,石家庄,希望合同里明确雨雪天停运的责任划分,[建议] 希望合同里明确雨雪天停运的责任划分,2026-08-13 09:49,2026-08-14 18:35,王强,4,孙先生,,是,石家庄美食街路口
FB-20260813-M0009,didi_review,RaaS商户,建议,P3,已闭环,NX-SZ-0267,深圳,建议支持预约固定时段用车，我们每天下午都要发一批货,[建议] 建议支持预约固定时段用车，我们每天下午都要发一批货,2026-08-13 10:01,2026-08-14 02:59,赵磊,4,,13840460843,是,
FB-20260813-M0016,hotline,RaaS商户,投诉,P2,已闭环,NX-SZ-0097,武汉,扫码开柜失败三次，货卡在车里取不出来，耽误我给客户交货,[投诉] 扫码开柜失败三次，货卡在车里取不出来，耽误我给客户交货,2026-08-13 18:00,2026-08-14 07:01,赵磊,5,吴师傅,,是,
FB-20260813-M0020,hotline,网点经理,体验,P2,已闭环,NX-SJZ-0138,深圳,月租扣费对不上账，多扣了一次，找谁核对？,[体验] 月租扣费对不上账，多扣了一次，找谁核对？,2026-08-13 18:01,2026-08-14 10:38,王强,4,,13069556076,,深圳地铁2号线C出口
FB-20260813-M0022,scan_qr,路人社区,体验,P2,已闭环,NX-SZ-0077,深圳,车停在人行道正中间挡路，轮椅都过不去,[体验] 车停在人行道正中间挡路，轮椅都过不去,2026-08-13 18:02,2026-08-14 06:27,王强,4,孙先生,13436551584,否,深圳万达广场B1快递柜旁
FB-20260813-M0008,didi_review,RaaS商户,建议,P3,已闭环,NX-SZ-0325,北京,建议支持预约固定时段用车，我们每天下午都要发一批货,[建议] 建议支持预约固定时段用车，我们每天下午都要发一批货,2026-08-13 18:49,2026-08-14 06:52,李娜,5,,,,北京地铁2号线C出口
FB-20260813-M0017,wechat_group,网点经理,建议,P3,已闭环,NX-SJZ-0112,深圳,希望合同里明确雨雪天停运的责任划分,[建议] 希望合同里明确雨雪天停运的责任划分,2026-08-13 18:56,2026-08-14 15:16,赵磊,3,朱女士,,是,深圳驿站站点门口
FB-20260813-M0002,scan_qr,快递员,建议,P3,已闭环,NX-TS-0186,石家庄,希望车上加个保温格，夏天生鲜件不敢放,[建议] 希望车上加个保温格，夏天生鲜件不敢放,2026-08-13 21:52,2026-08-14 04:26,张伟,3,,,,
FB-20260814-M0006,hotline,网点经理,建议,P3,已闭环,NX-SJZ-0118,苏州,希望合同里明确雨雪天停运的责任划分,[建议] 希望合同里明确雨雪天停运的责任划分,2026-08-14 00:44,2026-08-15 16:45,李娜,5,钱先生,13275539423,否,苏州幸福里小区西门
FB-20260814-M0024,hotline,收件人,建议,P3,已闭环,NX-SZ-0126,青岛,建议取件通知提前十分钟发，不然赶不上车,[建议] 建议取件通知提前十分钟发，不然赶不上车,2026-08-14 01:20,2026-08-15 00:58,李娜,3,吴师傅,,否,
FB-20260814-M0020,scan_qr,路人社区,投诉,P3,已闭环,NX-BJ-0228,深圳,小区里车速有点快，建议限速，孩子多的地方危险,[投诉] 小区里车速有点快，建议限速，孩子多的地方危险,2026-08-14 01:39,2026-08-15 20:37,赵磊,5,,,是,
FB-20260814-M0008,scan_qr,RaaS商户,体验,P2,已闭环,NX-TS-0159,青岛,下单后等了12分钟车才到，比页面预估晚了一倍，急单只能改叫货拉拉,[体验] 下单后等了12分钟车才到，比页面预估晚了一倍，急单只能改叫货...,2026-08-14 02:49,2026-08-14 08:03,王强,5,,,,青岛生鲜超市收货区
FB-20260814-M0016,social_media,收件人,建议,P3,已闭环,NX-TS-0358,杭州,建议取件通知提前十分钟发，不然赶不上车,[建议] 建议取件通知提前十分钟发，不然赶不上车,2026-08-14 03:44,2026-08-14 09:16,王强,4,吴师傅,13521310962,,
FB-20260814-M0023,hotline,网点经理,体验,P2,已闭环,NX-SJZ-0417,杭州,大促期间车次不够用，能不能临时加车？上报了23天没回音,[体验] 大促期间车次不够用，能不能临时加车？上报了23天没回音,2026-08-14 05:38,2026-08-14 14:45,赵磊,3,,13588255629,否,
FB-20260814-M0012,scan_qr,RaaS商户,建议,P3,已闭环,NX-TS-0433,武汉,建议支持预约固定时段用车，我们每天下午都要发一批货,[建议] 建议支持预约固定时段用车，我们每天下午都要发一批货,2026-08-14 07:03,2026-08-15 19:29,陈杰,2,孙先生,,,武汉写字楼大堂快递点
FB-20260814-M0018,scan_qr,收件人,体验,P2,已闭环,NX-BJ-0038,武汉,通知说车到楼下了，下去发现车已经开走了,[体验] 通知说车到楼下了，下去发现车已经开走了,2026-08-14 08:25,2026-08-15 01:17,赵磊,5,钱先生,,,
FB-20260814-M0021,social_media,路人社区,投诉,P3,已闭环,NX-SJZ-0159,深圳,小区里车速有点快，建议限速，孩子多的地方危险,[投诉] 小区里车速有点快，建议限速，孩子多的地方危险,2026-08-14 08:55,2026-08-16 05:24,李娜,4,,,否,深圳万达广场B1快递柜旁
FB-20260814-M0010,wechat_group,快递员,体验,P2,已闭环,NX-TS-0059,苏州,装货的时候柜格分配不合理，大件塞不进去只能空着跑,[体验] 装货的时候柜格分配不合理，大件塞不进去只能空着跑,2026-08-14 09:39,2026-08-14 11:06,赵磊,4,,,否,苏州大学北门学生宿舍区
FB-20260814-M0019,manual,网点经理,故障,P1,已闭环,NX-SJZ-0456,苏州,车辆充电桩故障，明早的班次跑不了，急需处理,[故障] 车辆充电桩故障，明早的班次跑不了，急需处理,2026-08-14 09:45,2026-08-14 11:12,刘敏,2,,,否,苏州地铁2号线C出口
FB-20260814-M0013,hotline,路人社区,体验,P2,已闭环,NX-QD-0335,杭州,车停在人行道正中间挡路，轮椅都过不去,[体验] 车停在人行道正中间挡路，轮椅都过不去,2026-08-14 10:50,2026-08-14 17:05,李娜,2,,,是,
FB-20260814-M0015,didi_review,RaaS商户,投诉,P2,已闭环,NX-BJ-0151,武汉,扫码开柜失败三次，货卡在车里取不出来，耽误我给客户交货,[投诉] 扫码开柜失败三次，货卡在车里取不出来，耽误我给客户交货,2026-08-14 11:45,2026-08-14 15:24,张伟,4,,13932302346,否,武汉写字楼大堂快递点
FB-20260814-M0014,hotline,路人社区,投诉,P3,已闭环,NX-TS-0494,杭州,小区里车速有点快，建议限速，孩子多的地方危险,[投诉] 小区里车速有点快，建议限速，孩子多的地方危险,2026-08-14 12:12,2026-08-15 19:07,王强,5,郑经理,,否,杭州大学北门学生宿舍区
FB-20260814-M0005,hotline,RaaS商户,建议,P3,已闭环,NX-TS-0153,苏州,建议支持预约固定时段用车，我们每天下午都要发一批货,[建议] 建议支持预约固定时段用车，我们每天下午都要发一批货,2026-08-14 14:47,2026-08-16 08:40,刘敏,4,,13947170999,是,苏州写字楼大堂快递点
FB-20260814-M0026,wechat_group,快递员,体验,P2,已闭环,NX-TS-0132,苏州,装货的时候柜格分配不合理，大件塞不进去只能空着跑,[体验] 装货的时候柜格分配不合理，大件塞不进去只能空着跑,2026-08-14 15:35,2026-08-15 08:28,陈杰,4,,13279050404,是,苏州大学北门学生宿舍区
FB-20260814-M0004,hotline,收件人,建议,P3,已闭环,NX-SZ-0420,武汉,建议取件通知提前十分钟发，不然赶不上车,[建议] 建议取件通知提前十分钟发，不然赶不上车,2026-08-14 16:39,2026-08-15 16:08,王强,2,冯阿姨,13443757584,是,
FB-20260814-M0011,hotline,RaaS商户,建议,P3,已闭环,NX-BJ-0498,北京,建议支持预约固定时段用车，我们每天下午都要发一批货,[建议] 建议支持预约固定时段用车，我们每天下午都要发一批货,2026-08-14 18:42,2026-08-15 23:51,李娜,4,冯阿姨,13711477320,是,
FB-20260814-M0007,wechat_group,快递员,建议,P3,已闭环,NX-TS-0321,苏州,希望车上加个保温格，夏天生鲜件不敢放,[建议] 希望车上加个保温格，夏天生鲜件不敢放,2026-08-14 18:52,2026-08-15 12:53,李娜,3,,13014138113,否,苏州写字楼大堂快递点
FB-20260814-M0003,manual,网点经理,体验,P2,已闭环,NX-QD-0432,武汉,月租扣费对不上账，多扣了一次，找谁核对？,[体验] 月租扣费对不上账，多扣了一次，找谁核对？,2026-08-14 18:54,2026-08-14 21:15,陈杰,5,,13498182992,是,
FB-20260814-M0022,hotline,RaaS商户,体验,P2,已闭环,NX-TS-0035,北京,下单后等了17分钟车才到，比页面预估晚了一倍，急单只能改叫货拉拉,[体验] 下单后等了17分钟车才到，比页面预估晚了一倍，急单只能改叫货...,2026-08-14 19:29,2026-08-15 09:21,王强,4,郑经理,,是,北京万达广场B1快递柜旁
FB-20260814-M0001,hotline,监管方,安全,P0,已闭环,NX-SJZ-0140,武汉,接群众举报贵司车辆在未报备路段运营，请立即说明情况,[安全] 接群众举报贵司车辆在未报备路段运营，请立即说明情况,2026-08-14 19:48,2026-08-14 20:53,刘敏,2,,,,
FB-20260814-M0025,didi_review,RaaS商户,体验,P2,已闭环,NX-SZ-0309,杭州,车到了以后找不到具体停哪，电话也没人接，转了两圈才找到,[体验] 车到了以后找不到具体停哪，电话也没人接，转了两圈才找到,2026-08-14 19:52,2026-08-15 00:22,陈杰,4,,,是,杭州幸福里小区西门
FB-20260814-M0009,wechat_group,快递员,建议,P3,已闭环,NX-SZ-0201,北京,建议增加夜间接驳班次，早上到岗就能直接派件,[建议] 建议增加夜间接驳班次，早上到岗就能直接派件,2026-08-14 20:17,2026-08-15 03:30,李娜,3,郑经理,13495870207,,北京朝阳小区3号楼东门
FB-20260814-M0017,hotline,路人社区,投诉,P3,已闭环,NX-QD-0052,石家庄,小区里车速有点快，建议限速，孩子多的地方危险,[投诉] 小区里车速有点快，建议限速，孩子多的地方危险,2026-08-14 22:39,2026-08-16 17:53,张伟,3,,,否,石家庄科技园南门斑马线
FB-20260814-M0002,wechat_group,快递员,建议,P3,已闭环,NX-TS-0147,无锡,建议增加夜间接驳班次，早上到岗就能直接派件,[建议] 建议增加夜间接驳班次，早上到岗就能直接派件,2026-08-14 23:28,2026-08-16 12:12,赵磊,4,,13431027868,是,
FB-20260815-M0021,wechat_group,快递员,体验,P2,已闭环,NX-TS-0358,成都,雨天车速特别慢，比平时晚了39分钟，能不能优化下,[体验] 雨天车速特别慢，比平时晚了39分钟，能不能优化下,2026-08-15 01:14,2026-08-15 21:02,张伟,5,,13512418938,,成都幼儿园门口接送区
FB-20260815-M0017,scan_qr,RaaS商户,建议,P3,已闭环,NX-BJ-0465,天水,建议支持预约固定时段用车，我们每天下午都要发一批货,[建议] 建议支持预约固定时段用车，我们每天下午都要发一批货,2026-08-15 02:33,2026-08-16 16:39,赵磊,4,,,是,天水幸福里小区西门
FB-20260815-M0028,didi_review,RaaS商户,体验,P2,已闭环,NX-SJZ-0053,青岛,车到了以后找不到具体停哪，电话也没人接，转了两圈才找到,[体验] 车到了以后找不到具体停哪，电话也没人接，转了两圈才找到,2026-08-15 02:41,2026-08-15 09:49,陈杰,4,,,是,青岛万达广场B1快递柜旁
FB-20260815-M0026,wechat_group,网点经理,体验,P2,已闭环,NX-SJZ-0004,天水,大促期间车次不够用，能不能临时加车？上报了40天没回音,[体验] 大促期间车次不够用，能不能临时加车？上报了40天没回音,2026-08-15 03:07,2026-08-15 19:42,刘敏,4,,,是,天水科技园南门斑马线
FB-20260815-M0012,wechat_group,快递员,体验,P2,已闭环,NX-SJZ-0277,深圳,app上显示车已到，实际还差两条街，白跑一趟,[体验] app上显示车已到，实际还差两条街，白跑一趟,2026-08-15 03:16,2026-08-16 02:13,刘敏,5,马老板,,是,深圳生鲜超市收货区
FB-20260815-M0005,scan_qr,路人社区,投诉,P3,已闭环,NX-BJ-0266,成都,小区里车速有点快，建议限速，孩子多的地方危险,[投诉] 小区里车速有点快，建议限速，孩子多的地方危险,2026-08-15 04:28,2026-08-16 03:05,李娜,4,吴师傅,,是,
FB-20260815-M0003,wechat_group,网点经理,建议,P3,已闭环,NX-SZ-0010,天水,希望合同里明确雨雪天停运的责任划分,[建议] 希望合同里明确雨雪天停运的责任划分,2026-08-15 07:00,2026-08-16 07:07,刘敏,4,郑经理,,,天水美食街路口
FB-20260815-M0008,hotline,路人社区,体验,P2,已闭环,NX-QD-0456,石家庄,半夜车经过提示音太响，吵得没法睡觉,[体验] 半夜车经过提示音太响，吵得没法睡觉,2026-08-15 07:31,2026-08-16 01:31,陈杰,5,孙先生,,是,
FB-20260815-M0031,scan_qr,快递员,建议,P3,已闭环,NX-TS-0291,武汉,建议增加夜间接驳班次，早上到岗就能直接派件,[建议] 建议增加夜间接驳班次，早上到岗就能直接派件,2026-08-15 08:46,2026-08-16 19:35,王强,5,郑经理,13646300402,是,武汉科技园南门斑马线
FB-20260815-M0032,scan_qr,收件人,体验,P2,已闭环,NX-SJZ-0378,苏州,取件码输了没反应，柜门不开，站在车边上等了10分钟,[体验] 取件码输了没反应，柜门不开，站在车边上等了10分钟,2026-08-15 10:11,2026-08-16 01:55,赵磊,4,,,是,
FB-20260815-M0002,scan_qr,收件人,建议,P3,已闭环,NX-BJ-0140,青岛,建议取件通知提前十分钟发，不然赶不上车,[建议] 建议取件通知提前十分钟发，不然赶不上车,2026-08-15 10:23,2026-08-16 01:41,刘敏,5,,,,青岛幼儿园门口接送区
FB-20260815-M0018,hotline,网点经理,建议,P3,已闭环,NX-SJZ-0370,深圳,希望合同里明确雨雪天停运的责任划分,[建议] 希望合同里明确雨雪天停运的责任划分,2026-08-15 11:28,2026-08-16 17:52,李娜,5,郑经理,13232129833,否,
FB-20260815-M0004,hotline,RaaS商户,投诉,P2,已闭环,NX-SZ-0309,天水,运费比谈好的贵了，说是里程算法调整，事先没通知,[投诉] 运费比谈好的贵了，说是里程算法调整，事先没通知,2026-08-15 11:31,2026-08-16 04:16,赵磊,4,,13161692845,是,
FB-20260815-M0016,scan_qr,快递员,建议,P3,已闭环,NX-TS-0228,成都,希望车上加个保温格，夏天生鲜件不敢放,[建议] 希望车上加个保温格，夏天生鲜件不敢放,2026-08-15 12:06,2026-08-15 17:28,李娜,4,郑经理,,是,成都中心医院门诊部门口
FB-20260815-M0009,scan_qr,收件人,建议,P3,已闭环,NX-TS-0101,武汉,建议取件通知提前十分钟发，不然赶不上车,[建议] 建议取件通知提前十分钟发，不然赶不上车,2026-08-15 15:50,2026-08-16 02:51,王强,3,钱先生,13577754781,是,武汉地铁2号线C出口
FB-20260815-M0023,scan_qr,路人社区,体验,P2,已闭环,NX-SJZ-0145,成都,车停在人行道正中间挡路，轮椅都过不去,[体验] 车停在人行道正中间挡路，轮椅都过不去,2026-08-15 18:13,2026-08-16 07:42,王强,5,孙先生,,否,成都生鲜超市收货区
FB-20260815-M0022,scan_qr,RaaS商户,建议,P3,已闭环,NX-TS-0360,北京,建议支持预约固定时段用车，我们每天下午都要发一批货,[建议] 建议支持预约固定时段用车，我们每天下午都要发一批货,2026-08-15 18:16,2026-08-16 04:17,张伟,2,郑经理,,,北京万达广场B1快递柜旁
FB-20260815-M0007,wechat_group,快递员,故障,P1,已闭环,NX-SZ-0141,青岛,车到驿站门口柜门打不开，急着派件，卡了快17分钟了,[故障] 车到驿站门口柜门打不开，急着派件，卡了快17分钟了,2026-08-15 18:36,2026-08-16 01:47,李娜,1,吴师傅,,否,青岛朝阳小区3号楼东门
FB-20260815-M0025,wechat_group,网点经理,建议,P3,已闭环,NX-SZ-0029,深圳,建议给网点开个数据后台，能看每台车每天跑了多少单,[建议] 建议给网点开个数据后台，能看每台车每天跑了多少单,2026-08-15 18:41,2026-08-16 23:27,刘敏,4,,13474524555,否,深圳中心医院门诊部门口
FB-20260815-M0001,scan_qr,路人社区,体验,P2,已闭环,NX-TS-0495,青岛,半夜车经过提示音太响，吵得没法睡觉,[体验] 半夜车经过提示音太响，吵得没法睡觉,2026-08-15 18:45,2026-08-16 16:42,陈杰,4,,,否,青岛朝阳小区3号楼东门
FB-20260815-M0015,wechat_group,网点经理,建议,P3,已闭环,NX-BJ-0243,天水,建议给网点开个数据后台，能看每台车每天跑了多少单,[建议] 建议给网点开个数据后台，能看每台车每天跑了多少单,2026-08-15 19:04,2026-08-17 01:18,李娜,5,孙先生,,否,
FB-20260815-M0020,scan_qr,快递员,故障,P1,已闭环,NX-QD-0358,武汉,车到驿站门口柜门打不开，急着派件，卡了快11分钟了,[故障] 车到驿站门口柜门打不开，急着派件，卡了快11分钟了,2026-08-15 19:14,2026-08-15 21:00,李娜,5,,13800401041,是,
FB-20260815-M0006,hotline,RaaS商户,体验,P2,已闭环,NX-SZ-0389,苏州,车到了以后找不到具体停哪，电话也没人接，转了两圈才找到,[体验] 车到了以后找不到具体停哪，电话也没人接，转了两圈才找到,2026-08-15 19:19,2026-08-16 02:24,陈杰,4,,13324754691,是,
FB-20260815-M0019,hotline,网点经理,建议,P3,已闭环,NX-TS-0274,苏州,希望合同里明确雨雪天停运的责任划分,[建议] 希望合同里明确雨雪天停运的责任划分,2026-08-15 19:27,2026-08-16 18:48,刘敏,1,,,是,苏州驿站站点门口
FB-20260815-M0014,hotline,路人社区,投诉,P3,已闭环,NX-TS-0499,武汉,小区里车速有点快，建议限速，孩子多的地方危险,[投诉] 小区里车速有点快，建议限速，孩子多的地方危险,2026-08-15 20:25,2026-08-17 19:33,王强,5,孙先生,,否,武汉写字楼大堂快递点
FB-20260815-M0027,scan_qr,收件人,建议,P3,已闭环,NX-QD-0262,苏州,建议取件通知提前十分钟发，不然赶不上车,[建议] 建议取件通知提前十分钟发，不然赶不上车,2026-08-15 21:44,2026-08-16 07:27,张伟,5,郑经理,,否,苏州生鲜超市收货区
FB-20260815-M0011,hotline,快递员,建议,P3,已闭环,NX-QD-0237,杭州,建议增加夜间接驳班次，早上到岗就能直接派件,[建议] 建议增加夜间接驳班次，早上到岗就能直接派件,2026-08-15 21:59,2026-08-17 06:25,刘敏,2,,,否,
FB-20260815-M0030,social_media,收件人,建议,P3,已闭环,NX-QD-0486,深圳,建议取件通知提前十分钟发，不然赶不上车,[建议] 建议取件通知提前十分钟发，不然赶不上车,2026-08-15 22:01,2026-08-16 10:39,赵磊,4,,,,
FB-20260815-M0013,hotline,路人社区,体验,P2,已闭环,NX-BJ-0097,天水,车停在人行道正中间挡路，轮椅都过不去,[体验] 车停在人行道正中间挡路，轮椅都过不去,2026-08-15 22:57,2026-08-16 05:43,刘敏,4,周女士,13778817884,否,
FB-20260815-M0029,scan_qr,RaaS商户,建议,P3,已闭环,NX-QD-0124,杭州,建议支持预约固定时段用车，我们每天下午都要发一批货,[建议] 建议支持预约固定时段用车，我们每天下午都要发一批货,2026-08-15 23:35,2026-08-17 20:35,刘敏,4,,13561372308,,杭州万达广场B1快递柜旁
FB-20260815-M0024,hotline,网点经理,体验,P2,已闭环,NX-SZ-0388,成都,月租扣费对不上账，多扣了一次，找谁核对？,[体验] 月租扣费对不上账，多扣了一次，找谁核对？,2026-08-15 23:40,2026-08-16 02:38,刘敏,2,,,是,成都幸福里小区西门
FB-20260815-M0010,hotline,快递员,体验,P2,已闭环,NX-BJ-0248,石家庄,装货的时候柜格分配不合理，大件塞不进去只能空着跑,[体验] 装货的时候柜格分配不合理，大件塞不进去只能空着跑,2026-08-15 23:57,2026-08-16 09:21,赵磊,5,周女士,13214586833,否,石家庄写字楼大堂快递点
FB-20260816-M0006,hotline,RaaS商户,投诉,P2,已闭环,NX-SJZ-0028,青岛,扫码开柜失败三次，货卡在车里取不出来，耽误我给客户交货,[投诉] 扫码开柜失败三次，货卡在车里取不出来，耽误我给客户交货,2026-08-16 01:20,2026-08-16 07:58,张伟,5,朱女士,13181599706,,
FB-20260816-M0027,wechat_group,快递员,建议,P3,已闭环,NX-SJZ-0245,北京,建议增加夜间接驳班次，早上到岗就能直接派件,[建议] 建议增加夜间接驳班次，早上到岗就能直接派件,2026-08-16 03:13,2026-08-16 14:31,张伟,4,,,否,北京写字楼大堂快递点
FB-20260816-M0018,didi_review,RaaS商户,体验,P2,已闭环,NX-SZ-0349,杭州,车到了以后找不到具体停哪，电话也没人接，转了两圈才找到,[体验] 车到了以后找不到具体停哪，电话也没人接，转了两圈才找到,2026-08-16 03:37,2026-08-16 16:42,刘敏,3,,13528993160,否,杭州地铁2号线C出口
FB-20260816-M0003,wechat_group,网点经理,建议,P3,已闭环,NX-BJ-0212,成都,希望合同里明确雨雪天停运的责任划分,[建议] 希望合同里明确雨雪天停运的责任划分,2026-08-16 05:22,2026-08-18 01:45,王强,4,,13848421993,是,成都幸福里小区西门
FB-20260816-M0029,manual,监管方,投诉,P1,已闭环,NX-SZ-0164,无锡,贵司车辆占用消防通道停放，请24小时内整改并回复,[投诉] 贵司车辆占用消防通道停放，请24小时内整改并回复,2026-08-16 05:22,2026-08-16 10:23,李娜,3,朱女士,,是,无锡地铁2号线C出口
FB-20260816-M0005,scan_qr,收件人,建议,P3,已闭环,NX-SJZ-0109,石家庄,建议取件通知提前十分钟发，不然赶不上车,[建议] 建议取件通知提前十分钟发，不然赶不上车,2026-08-16 05:41,2026-08-18 05:17,赵磊,4,朱女士,13870021765,否,
FB-20260816-M0015,wechat_group,快递员,体验,P2,已闭环,NX-QD-0145,成都,app上显示车已到，实际还差两条街，白跑一趟,[体验] app上显示车已到，实际还差两条街，白跑一趟,2026-08-16 05:50,2026-08-16 12:49,王强,5,钱先生,13353544439,,
FB-20260816-M0013,social_media,收件人,投诉,P2,已闭环,NX-QD-0415,杭州,取件时柜门夹了一下手，虽然没受伤但很吓人，要给个说法,[投诉] 取件时柜门夹了一下手，虽然没受伤但很吓人，要给个说法,2026-08-16 06:48,2026-08-16 09:05,陈杰,3,,,是,杭州地铁2号线C出口
FB-20260816-M0024,scan_qr,RaaS商户,投诉,P2,已闭环,NX-BJ-0496,青岛,扫码开柜失败三次，货卡在车里取不出来，耽误我给客户交货,[投诉] 扫码开柜失败三次，货卡在车里取不出来，耽误我给客户交货,2026-08-16 07:45,2026-08-17 00:50,王强,3,朱女士,,是,
FB-20260816-M0010,hotline,RaaS商户,体验,P2,已闭环,NX-SZ-0458,青岛,车到了以后找不到具体停哪，电话也没人接，转了两圈才找到,[体验] 车到了以后找不到具体停哪，电话也没人接，转了两圈才找到,2026-08-16 08:08,2026-08-16 08:54,赵磊,4,马老板,,,青岛写字楼大堂快递点
FB-20260816-M0008,social_media,路人社区,投诉,P3,已闭环,NX-SJZ-0083,北京,小区里车速有点快，建议限速，孩子多的地方危险,[投诉] 小区里车速有点快，建议限速，孩子多的地方危险,2026-08-16 08:11,2026-08-18 07:23,陈杰,5,,,是,北京驿站站点门口
FB-20260816-M0028,hotline,快递员,建议,P3,已闭环,NX-QD-0349,成都,建议增加夜间接驳班次，早上到岗就能直接派件,[建议] 建议增加夜间接驳班次，早上到岗就能直接派件,2026-08-16 08:12,2026-08-17 01:24,赵磊,4,,,否,成都科技园南门斑马线
FB-20260816-M0016,hotline,网点经理,体验,P2,已闭环,NX-TS-0276,深圳,大促期间车次不够用，能不能临时加车？上报了24天没回音,[体验] 大促期间车次不够用，能不能临时加车？上报了24天没回音,2026-08-16 08:40,2026-08-16 13:53,李娜,3,钱先生,13277689627,是,深圳万达广场B1快递柜旁
FB-20260816-M0030,hotline,网点经理,建议,P3,已闭环,NX-SZ-0110,苏州,建议给网点开个数据后台，能看每台车每天跑了多少单,[建议] 建议给网点开个数据后台，能看每台车每天跑了多少单,2026-08-16 08:47,2026-08-17 18:36,张伟,5,孙先生,13498042537,,
FB-20260816-M0031,hotline,快递员,建议,P3,已闭环,NX-SJZ-0410,青岛,建议增加夜间接驳班次，早上到岗就能直接派件,[建议] 建议增加夜间接驳班次，早上到岗就能直接派件,2026-08-16 08:49,2026-08-17 10:45,李娜,2,,13203818769,,青岛科技园南门斑马线
FB-20260816-M0020,social_media,路人社区,投诉,P3,已闭环,NX-QD-0141,北京,小区里车速有点快，建议限速，孩子多的地方危险,[投诉] 小区里车速有点快，建议限速，孩子多的地方危险,2026-08-16 08:53,2026-08-18 07:18,王强,5,,,是,北京万达广场B1快递柜旁
FB-20260816-M0012,hotline,路人社区,投诉,P3,已闭环,NX-SJZ-0083,无锡,小区里车速有点快，建议限速，孩子多的地方危险,[投诉] 小区里车速有点快，建议限速，孩子多的地方危险,2026-08-16 08:57,2026-08-17 22:56,李娜,5,马老板,13402547292,,无锡科技园南门斑马线
FB-20260816-M0007,wechat_group,快递员,建议,P3,已闭环,NX-BJ-0124,杭州,建议增加夜间接驳班次，早上到岗就能直接派件,[建议] 建议增加夜间接驳班次，早上到岗就能直接派件,2026-08-16 09:08,2026-08-17 22:42,王强,4,,13303070534,是,杭州写字楼大堂快递点
FB-20260816-M0014,hotline,路人社区,投诉,P3,已闭环,NX-SJZ-0104,杭州,小区里车速有点快，建议限速，孩子多的地方危险,[投诉] 小区里车速有点快，建议限速，孩子多的地方危险,2026-08-16 09:09,2026-08-17 08:09,王强,5,吴师傅,,否,杭州生鲜超市收货区
FB-20260816-M0017,manual,网点经理,体验,P2,已闭环,NX-BJ-0341,无锡,月租扣费对不上账，多扣了一次，找谁核对？,[体验] 月租扣费对不上账，多扣了一次，找谁核对？,2026-08-16 09:10,2026-08-17 06:43,李娜,2,郑经理,13211602564,是,
FB-20260816-M0011,wechat_group,快递员,建议,P3,已闭环,NX-SJZ-0403,北京,建议增加夜间接驳班次，早上到岗就能直接派件,[建议] 建议增加夜间接驳班次，早上到岗就能直接派件,2026-08-16 13:27,2026-08-17 01:53,张伟,4,,,是,
FB-20260816-M0025,hotline,RaaS商户,建议,P3,已闭环,NX-SJZ-0103,青岛,建议支持预约固定时段用车，我们每天下午都要发一批货,[建议] 建议支持预约固定时段用车，我们每天下午都要发一批货,2026-08-16 13:51,2026-08-17 19:30,赵磊,3,,13735228705,否,青岛朝阳小区3号楼东门
FB-20260816-M0021,scan_qr,RaaS商户,体验,P2,已闭环,NX-SJZ-0019,成都,车到了以后找不到具体停哪，电话也没人接，转了两圈才找到,[体验] 车到了以后找不到具体停哪，电话也没人接，转了两圈才找到,2026-08-16 15:33,2026-08-17 13:02,李娜,5,,13569741328,是,成都大学北门学生宿舍区
FB-20260816-M0004,scan_qr,收件人,体验,P2,已闭环,NX-TS-0443,苏州,取件的格子太高，老人踮脚都够不着,[体验] 取件的格子太高，老人踮脚都够不着,2026-08-16 16:23,2026-08-17 04:56,李娜,4,马老板,,是,苏州中心医院门诊部门口
FB-20260816-M0023,hotline,RaaS商户,投诉,P2,已闭环,NX-SJZ-0145,北京,扫码开柜失败三次，货卡在车里取不出来，耽误我给客户交货,[投诉] 扫码开柜失败三次，货卡在车里取不出来，耽误我给客户交货,2026-08-16 16:38,2026-08-17 10:50,陈杰,2,,13388209088,,北京朝阳小区3号楼东门
FB-20260816-M0026,hotline,RaaS商户,建议,P3,已闭环,NX-SJZ-0176,深圳,建议支持预约固定时段用车，我们每天下午都要发一批货,[建议] 建议支持预约固定时段用车，我们每天下午都要发一批货,2026-08-16 16:44,2026-08-17 14:06,赵磊,5,钱先生,13872096289,是,深圳写字楼大堂快递点
FB-20260816-M0001,scan_qr,快递员,建议,P3,已闭环,NX-SZ-0281,青岛,希望车上加个保温格，夏天生鲜件不敢放,[建议] 希望车上加个保温格，夏天生鲜件不敢放,2026-08-16 18:20,2026-08-17 13:56,张伟,5,朱女士,,是,
FB-20260816-M0019,manual,网点经理,建议,P3,已闭环,NX-SZ-0054,石家庄,希望合同里明确雨雪天停运的责任划分,[建议] 希望合同里明确雨雪天停运的责任划分,2026-08-16 19:40,2026-08-17 09:37,刘敏,4,,,,石家庄朝阳小区3号楼东门
FB-20260816-M0022,social_media,路人社区,投诉,P3,已闭环,NX-SJZ-0133,武汉,小区里车速有点快，建议限速，孩子多的地方危险,[投诉] 小区里车速有点快，建议限速，孩子多的地方危险,2026-08-16 20:53,2026-08-17 09:56,王强,5,马老板,13057836091,是,武汉万达广场B1快递柜旁
FB-20260816-M0009,social_media,路人社区,投诉,P3,已闭环,NX-QD-0201,苏州,小区里车速有点快，建议限速，孩子多的地方危险,[投诉] 小区里车速有点快，建议限速，孩子多的地方危险,2026-08-16 21:52,2026-08-17 07:46,李娜,3,,13792171747,否,苏州幼儿园门口接送区
FB-20260816-M0002,wechat_group,快递员,故障,P1,已闭环,NX-BJ-0370,杭州,无人车半路停在小区门口不动了，后面一车货都在上面,[故障] 无人车半路停在小区门口不动了，后面一车货都在上面,2026-08-16 23:30,2026-08-17 04:09,李娜,5,,,是,杭州地铁2号线C出口
FB-20260817-M0013,scan_qr,收件人,建议,P3,已闭环,NX-TS-0215,天水,建议取件通知提前十分钟发，不然赶不上车,[建议] 建议取件通知提前十分钟发，不然赶不上车,2026-08-17 00:43,2026-08-18 01:36,赵磊,5,朱女士,,是,
FB-20260817-M0021,hotline,收件人,体验,P2,已闭环,NX-BJ-0039,青岛,通知说车到楼下了，下去发现车已经开走了,[体验] 通知说车到楼下了，下去发现车已经开走了,2026-08-17 03:25,2026-08-17 10:53,王强,2,,,否,
FB-20260817-M0022,didi_review,RaaS商户,体验,P2,已闭环,NX-TS-0252,无锡,下单后等了34分钟车才到，比页面预估晚了一倍，急单只能改叫货拉拉,[体验] 下单后等了34分钟车才到，比页面预估晚了一倍，急单只能改叫货...,2026-08-17 03:29,2026-08-17 18:31,刘敏,4,吴师傅,13780572151,,无锡美食街路口
FB-20260817-M0012,didi_review,RaaS商户,投诉,P2,已闭环,NX-SJZ-0227,杭州,扫码开柜失败三次，货卡在车里取不出来，耽误我给客户交货,[投诉] 扫码开柜失败三次，货卡在车里取不出来，耽误我给客户交货,2026-08-17 05:08,2026-08-17 23:17,李娜,5,,13078956776,否,杭州中心医院门诊部门口
FB-20260817-M0008,social_media,路人社区,投诉,P3,已闭环,NX-QD-0495,杭州,小区里车速有点快，建议限速，孩子多的地方危险,[投诉] 小区里车速有点快，建议限速，孩子多的地方危险,2026-08-17 05:49,2026-08-18 06:13,李娜,5,,13260164597,,
FB-20260817-M0005,scan_qr,RaaS商户,建议,P3,已闭环,NX-QD-0347,武汉,建议支持预约固定时段用车，我们每天下午都要发一批货,[建议] 建议支持预约固定时段用车，我们每天下午都要发一批货,2026-08-17 06:16,2026-08-18 13:50,赵磊,4,,,,
FB-20260817-M0020,hotline,网点经理,体验,P2,已闭环,NX-QD-0404,无锡,月租扣费对不上账，多扣了一次，找谁核对？,[体验] 月租扣费对不上账，多扣了一次，找谁核对？,2026-08-17 06:21,2026-08-17 21:56,刘敏,5,,,是,无锡美食街路口
FB-20260817-M0016,hotline,监管方,投诉,P1,已闭环,NX-BJ-0008,成都,贵司车辆占用消防通道停放，请24小时内整改并回复,[投诉] 贵司车辆占用消防通道停放，请24小时内整改并回复,2026-08-17 07:52,2026-08-17 14:14,赵磊,4,冯阿姨,,是,
FB-20260817-M0006,manual,网点经理,体验,P2,已闭环,NX-SZ-0429,成都,大促期间车次不够用，能不能临时加车？上报了8天没回音,[体验] 大促期间车次不够用，能不能临时加车？上报了8天没回音,2026-08-17 08:07,2026-08-18 04:37,刘敏,4,钱先生,13492929831,否,成都幸福里小区西门
FB-20260817-M0023,hotline,快递员,故障,P1,已闭环,NX-BJ-0377,天水,今早车没按时到网点，等到14点才来，派件全耽误了,[故障] 今早车没按时到网点，等到14点才来，派件全耽误了,2026-08-17 08:27,2026-08-17 11:28,陈杰,5,,,否,天水科技园南门斑马线
FB-20260817-M0014,wechat_group,快递员,建议,P3,已闭环,NX-SZ-0176,无锡,建议增加夜间接驳班次，早上到岗就能直接派件,[建议] 建议增加夜间接驳班次，早上到岗就能直接派件,2026-08-17 09:05,2026-08-17 23:45,王强,3,,,否,无锡朝阳小区3号楼东门
FB-20260817-M0026,hotline,网点经理,体验,P2,已闭环,NX-SZ-0476,深圳,月租扣费对不上账，多扣了一次，找谁核对？,[体验] 月租扣费对不上账，多扣了一次，找谁核对？,2026-08-17 09:56,2026-08-17 22:51,刘敏,4,,13079848704,是,深圳万达广场B1快递柜旁
FB-20260817-M0027,manual,监管方,投诉,P1,已闭环,NX-SJZ-0090,成都,贵司车辆占用消防通道停放，请24小时内整改并回复,[投诉] 贵司车辆占用消防通道停放，请24小时内整改并回复,2026-08-17 10:05,2026-08-17 14:40,王强,5,,,是,
FB-20260817-M0019,didi_review,RaaS商户,体验,P2,已闭环,NX-SJZ-0044,北京,下单后等了39分钟车才到，比页面预估晚了一倍，急单只能改叫货拉拉,[体验] 下单后等了39分钟车才到，比页面预估晚了一倍，急单只能改叫货...,2026-08-17 11:18,2026-08-17 20:11,陈杰,5,孙先生,,是,北京中心医院门诊部门口
FB-20260817-M0017,scan_qr,RaaS商户,建议,P3,已闭环,NX-QD-0265,青岛,建议支持预约固定时段用车，我们每天下午都要发一批货,[建议] 建议支持预约固定时段用车，我们每天下午都要发一批货,2026-08-17 12:41,2026-08-18 18:20,张伟,5,,,是,
FB-20260817-M0002,scan_qr,收件人,建议,P3,已闭环,NX-BJ-0105,苏州,建议取件通知提前十分钟发，不然赶不上车,[建议] 建议取件通知提前十分钟发，不然赶不上车,2026-08-17 13:48,2026-08-18 14:38,王强,5,马老板,,是,苏州幼儿园门口接送区
FB-20260817-M0010,scan_qr,RaaS商户,建议,P3,已闭环,NX-BJ-0404,杭州,建议支持预约固定时段用车，我们每天下午都要发一批货,[建议] 建议支持预约固定时段用车，我们每天下午都要发一批货,2026-08-17 15:42,2026-08-19 14:53,赵磊,5,钱先生,13209700268,,
FB-20260817-M0001,wechat_group,网点经理,体验,P2,已闭环,NX-QD-0172,石家庄,月租扣费对不上账，多扣了一次，找谁核对？,[体验] 月租扣费对不上账，多扣了一次，找谁核对？,2026-08-17 15:53,2026-08-18 07:22,王强,3,,,是,
FB-20260817-M0003,scan_qr,路人社区,体验,P2,已闭环,NX-SJZ-0498,苏州,车停在人行道正中间挡路，轮椅都过不去,[体验] 车停在人行道正中间挡路，轮椅都过不去,2026-08-17 18:01,2026-08-18 15:55,陈杰,3,马老板,,是,苏州万达广场B1快递柜旁
FB-20260817-M0018,hotline,收件人,投诉,P2,已闭环,NX-BJ-0083,石家庄,取件时柜门夹了一下手，虽然没受伤但很吓人，要给个说法,[投诉] 取件时柜门夹了一下手，虽然没受伤但很吓人，要给个说法,2026-08-17 18:11,2026-08-17 22:31,王强,4,,,是,
FB-20260817-M0025,social_media,收件人,建议,P3,已闭环,NX-TS-0140,苏州,建议取件通知提前十分钟发，不然赶不上车,[建议] 建议取件通知提前十分钟发，不然赶不上车,2026-08-17 18:41,2026-08-17 20:14,王强,3,,13473107201,是,苏州幼儿园门口接送区
FB-20260817-M0015,hotline,RaaS商户,体验,P2,已闭环,NX-SJZ-0239,天水,车到了以后找不到具体停哪，电话也没人接，转了两圈才找到,[体验] 车到了以后找不到具体停哪，电话也没人接，转了两圈才找到,2026-08-17 19:12,2026-08-17 20:39,赵磊,4,周女士,,否,天水朝阳小区3号楼东门
FB-20260817-M0011,didi_review,RaaS商户,投诉,P2,已闭环,NX-SJZ-0133,石家庄,运费比谈好的贵了，说是里程算法调整，事先没通知,[投诉] 运费比谈好的贵了，说是里程算法调整，事先没通知,2026-08-17 19:57,2026-08-18 12:59,陈杰,4,朱女士,13498728399,否,石家庄美食街路口
FB-20260817-M0028,scan_qr,快递员,体验,P2,已闭环,NX-BJ-0425,无锡,装货的时候柜格分配不合理，大件塞不进去只能空着跑,[体验] 装货的时候柜格分配不合理，大件塞不进去只能空着跑,2026-08-17 21:21,2026-08-18 07:40,王强,5,,,,无锡驿站站点门口
FB-20260817-M0009,scan_qr,收件人,体验,P2,已闭环,NX-TS-0022,武汉,取件码输了没反应，柜门不开，站在车边上等了36分钟,[体验] 取件码输了没反应，柜门不开，站在车边上等了36分钟,2026-08-17 21:50,2026-08-18 06:40,陈杰,5,,13289107711,,
FB-20260817-M0024,hotline,RaaS商户,体验,P2,已闭环,NX-QD-0463,青岛,下单后等了32分钟车才到，比页面预估晚了一倍，急单只能改叫货拉拉,[体验] 下单后等了32分钟车才到，比页面预估晚了一倍，急单只能改叫货...,2026-08-17 22:47,2026-08-18 04:56,赵磊,5,,,是,青岛万达广场B1快递柜旁
FB-20260817-M0004,didi_review,RaaS商户,建议,P3,已闭环,NX-QD-0100,青岛,建议支持预约固定时段用车，我们每天下午都要发一批货,[建议] 建议支持预约固定时段用车，我们每天下午都要发一批货,2026-08-17 22:59,2026-08-18 05:38,张伟,4,,,否,
FB-20260817-M0007,manual,网点经理,故障,P1,已闭环,NX-QD-0063,杭州,今天两台车同时趴窝，网点到驿站的接驳全断了，损失不小,[故障] 今天两台车同时趴窝，网点到驿站的接驳全断了，损失不小,2026-08-17 23:11,2026-08-18 01:13,张伟,3,,,是,杭州科技园南门斑马线
FB-20260818-M0014,hotline,快递员,故障,P1,已闭环,NX-SZ-0153,杭州,无人车半路停在小区门口不动了，后面一车货都在上面,[故障] 无人车半路停在小区门口不动了，后面一车货都在上面,2026-08-18 01:37,2026-08-18 06:24,陈杰,4,周女士,,是,
FB-20260818-M0018,scan_qr,RaaS商户,建议,P3,已闭环,NX-BJ-0176,天水,建议支持预约固定时段用车，我们每天下午都要发一批货,[建议] 建议支持预约固定时段用车，我们每天下午都要发一批货,2026-08-18 01:45,2026-08-18 17:40,王强,5,马老板,,否,天水生鲜超市收货区
FB-20260818-M0008,wechat_group,快递员,建议,P3,已闭环,NX-TS-0390,天水,建议增加夜间接驳班次，早上到岗就能直接派件,[建议] 建议增加夜间接驳班次，早上到岗就能直接派件,2026-08-18 02:25,2026-08-18 06:11,李娜,4,冯阿姨,13870534949,是,天水生鲜超市收货区
FB-20260818-M0012,manual,网点经理,体验,P2,已闭环,NX-SZ-0369,深圳,大促期间车次不够用，能不能临时加车？上报了17天没回音,[体验] 大促期间车次不够用，能不能临时加车？上报了17天没回音,2026-08-18 02:26,2026-08-18 20:53,王强,5,朱女士,13331279757,,深圳朝阳小区3号楼东门
FB-20260818-M0015,didi_review,RaaS商户,体验,P2,已闭环,NX-SJZ-0274,北京,下单后等了15分钟车才到，比页面预估晚了一倍，急单只能改叫货拉拉,[体验] 下单后等了15分钟车才到，比页面预估晚了一倍，急单只能改叫货...,2026-08-18 02:34,2026-08-18 08:39,张伟,5,冯阿姨,,是,
FB-20260818-M0028,wechat_group,网点经理,建议,P3,已闭环,NX-SZ-0058,石家庄,建议给网点开个数据后台，能看每台车每天跑了多少单,[建议] 建议给网点开个数据后台，能看每台车每天跑了多少单,2026-08-18 05:59,2026-08-18 12:47,李娜,2,吴师傅,13617817032,否,
FB-20260818-M0016,hotline,快递员,故障,P1,已闭环,NX-SZ-0387,苏州,今早车没按时到网点，等到10点才来，派件全耽误了,[故障] 今早车没按时到网点，等到10点才来，派件全耽误了,2026-08-18 06:42,2026-08-18 07:59,刘敏,2,郑经理,,,苏州科技园南门斑马线
FB-20260818-M0026,scan_qr,收件人,建议,P3,已闭环,NX-SZ-0224,北京,建议取件通知提前十分钟发，不然赶不上车,[建议] 建议取件通知提前十分钟发，不然赶不上车,2026-08-18 06:54,2026-08-18 11:17,陈杰,3,朱女士,,,北京地铁2号线C出口
FB-20260818-M0022,scan_qr,路人社区,投诉,P3,已闭环,NX-TS-0053,杭州,小区里车速有点快，建议限速，孩子多的地方危险,[投诉] 小区里车速有点快，建议限速，孩子多的地方危险,2026-08-18 08:19,2026-08-19 23:52,张伟,4,,13540641769,是,
FB-20260818-M0002,scan_qr,收件人,体验,P2,已闭环,NX-BJ-0350,成都,通知说车到楼下了，下去发现车已经开走了,[体验] 通知说车到楼下了，下去发现车已经开走了,2026-08-18 08:32,2026-08-18 20:37,陈杰,3,,13269166978,是,
FB-20260818-M0004,scan_qr,快递员,建议,P3,已闭环,NX-TS-0485,苏州,建议增加夜间接驳班次，早上到岗就能直接派件,[建议] 建议增加夜间接驳班次，早上到岗就能直接派件,2026-08-18 08:44,2026-08-18 16:29,赵磊,5,钱先生,,否,
FB-20260818-M0001,hotline,快递员,建议,P3,已闭环,NX-BJ-0288,石家庄,希望车上加个保温格，夏天生鲜件不敢放,[建议] 希望车上加个保温格，夏天生鲜件不敢放,2026-08-18 08:47,2026-08-18 14:09,李娜,3,,,是,石家庄驿站站点门口
FB-20260818-M0020,hotline,网点经理,故障,P1,已闭环,NX-SJZ-0374,武汉,今天两台车同时趴窝，网点到驿站的接驳全断了，损失不小,[故障] 今天两台车同时趴窝，网点到驿站的接驳全断了，损失不小,2026-08-18 08:51,2026-08-18 16:25,赵磊,5,周女士,,是,武汉幸福里小区西门
FB-20260818-M0017,didi_review,RaaS商户,建议,P3,已闭环,NX-SZ-0078,石家庄,建议支持预约固定时段用车，我们每天下午都要发一批货,[建议] 建议支持预约固定时段用车，我们每天下午都要发一批货,2026-08-18 11:49,2026-08-18 23:29,王强,4,,13961327303,是,石家庄写字楼大堂快递点
FB-20260818-M0005,scan_qr,RaaS商户,建议,P3,已闭环,NX-BJ-0159,石家庄,建议支持预约固定时段用车，我们每天下午都要发一批货,[建议] 建议支持预约固定时段用车，我们每天下午都要发一批货,2026-08-18 12:39,2026-08-19 01:03,刘敏,3,,,是,
FB-20260818-M0010,didi_review,RaaS商户,建议,P3,已闭环,NX-BJ-0020,成都,建议支持预约固定时段用车，我们每天下午都要发一批货,[建议] 建议支持预约固定时段用车，我们每天下午都要发一批货,2026-08-18 13:54,2026-08-19 05:21,刘敏,3,,,,成都幼儿园门口接送区
FB-20260818-M0011,scan_qr,收件人,体验,P2,已闭环,NX-QD-0177,深圳,取件的格子太高，老人踮脚都够不着,[体验] 取件的格子太高，老人踮脚都够不着,2026-08-18 15:04,2026-08-18 21:49,陈杰,4,,,是,深圳大学北门学生宿舍区
FB-20260818-M0007,social_media,收件人,建议,P3,已闭环,NX-SJZ-0246,武汉,建议取件通知提前十分钟发，不然赶不上车,[建议] 建议取件通知提前十分钟发，不然赶不上车,2026-08-18 16:13,2026-08-19 08:24,李娜,5,钱先生,13304699013,,
FB-20260818-M0021,social_media,路人社区,体验,P2,已闭环,NX-BJ-0327,杭州,半夜车经过提示音太响，吵得没法睡觉,[体验] 半夜车经过提示音太响，吵得没法睡觉,2026-08-18 17:08,2026-08-19 14:36,张伟,5,,,是,杭州地铁2号线C出口
FB-20260818-M0027,hotline,RaaS商户,投诉,P2,已闭环,NX-SJZ-0121,青岛,运费比谈好的贵了，说是里程算法调整，事先没通知,[投诉] 运费比谈好的贵了，说是里程算法调整，事先没通知,2026-08-18 18:19,2026-08-18 22:43,张伟,5,,,否,青岛生鲜超市收货区
FB-20260818-M0024,scan_qr,路人社区,投诉,P3,已闭环,NX-QD-0143,青岛,小区里车速有点快，建议限速，孩子多的地方危险,[投诉] 小区里车速有点快，建议限速，孩子多的地方危险,2026-08-18 18:31,2026-08-20 07:44,刘敏,4,周女士,,,
FB-20260818-M0009,hotline,收件人,建议,P3,已闭环,NX-SZ-0306,青岛,建议取件通知提前十分钟发，不然赶不上车,[建议] 建议取件通知提前十分钟发，不然赶不上车,2026-08-18 18:38,2026-08-19 01:54,陈杰,4,,,否,
FB-20260818-M0003,wechat_group,网点经理,建议,P3,已闭环,NX-QD-0237,成都,建议给网点开个数据后台，能看每台车每天跑了多少单,[建议] 建议给网点开个数据后台，能看每台车每天跑了多少单,2026-08-18 18:51,2026-08-19 14:41,李娜,5,,13670106513,是,成都中心医院门诊部门口
FB-20260818-M0013,social_media,收件人,投诉,P2,已闭环,NX-BJ-0232,杭州,取件时柜门夹了一下手，虽然没受伤但很吓人，要给个说法,[投诉] 取件时柜门夹了一下手，虽然没受伤但很吓人，要给个说法,2026-08-18 20:27,2026-08-19 10:34,刘敏,2,,13906007806,否,
FB-20260818-M0019,social_media,收件人,建议,P3,已闭环,NX-QD-0458,苏州,建议取件通知提前十分钟发，不然赶不上车,[建议] 建议取件通知提前十分钟发，不然赶不上车,2026-08-18 20:27,2026-08-19 04:05,赵磊,3,,,否,
FB-20260818-M0025,didi_review,RaaS商户,体验,P2,已闭环,NX-QD-0098,苏州,车到了以后找不到具体停哪，电话也没人接，转了两圈才找到,[体验] 车到了以后找不到具体停哪，电话也没人接，转了两圈才找到,2026-08-18 20:59,2026-08-19 18:46,赵磊,2,,13435864496,否,
FB-20260818-M0006,hotline,收件人,建议,P3,已闭环,NX-SJZ-0089,青岛,建议取件通知提前十分钟发，不然赶不上车,[建议] 建议取件通知提前十分钟发，不然赶不上车,2026-08-18 21:49,2026-08-19 06:18,陈杰,4,郑经理,,是,青岛科技园南门斑马线
FB-20260818-M0023,hotline,快递员,建议,P3,已闭环,NX-SJZ-0145,成都,建议增加夜间接驳班次，早上到岗就能直接派件,[建议] 建议增加夜间接驳班次，早上到岗就能直接派件,2026-08-18 23:09,2026-08-19 11:01,王强,3,朱女士,13079181589,否,成都驿站站点门口
FB-20260819-M0007,wechat_group,网点经理,体验,P2,已闭环,NX-BJ-0174,杭州,大促期间车次不够用，能不能临时加车？上报了7天没回音,[体验] 大促期间车次不够用，能不能临时加车？上报了7天没回音,2026-08-19 01:46,2026-08-20 01:40,张伟,5,冯阿姨,,,
FB-20260819-M0009,hotline,收件人,投诉,P2,已闭环,NX-SZ-0304,天水,包裹在车里放了一天才通知我取，里面生鲜都坏了,[投诉] 包裹在车里放了一天才通知我取，里面生鲜都坏了,2026-08-19 04:01,2026-08-20 01:00,赵磊,5,,,否,
FB-20260819-M0015,didi_review,RaaS商户,建议,P3,已闭环,NX-SZ-0395,苏州,建议支持预约固定时段用车，我们每天下午都要发一批货,[建议] 建议支持预约固定时段用车，我们每天下午都要发一批货,2026-08-19 05:05,2026-08-19 06:48,王强,5,,13981960275,是,苏州驿站站点门口
FB-20260819-M0008,social_media,收件人,体验,P2,已闭环,NX-TS-0013,杭州,取件码输了没反应，柜门不开，站在车边上等了31分钟,[体验] 取件码输了没反应，柜门不开，站在车边上等了31分钟,2026-08-19 08:22,2026-08-19 15:49,刘敏,4,马老板,,是,
FB-20260819-M0011,wechat_group,网点经理,体验,P2,已闭环,NX-SJZ-0488,武汉,月租扣费对不上账，多扣了一次，找谁核对？,[体验] 月租扣费对不上账，多扣了一次，找谁核对？,2026-08-19 08:28,2026-08-20 05:00,王强,5,吴师傅,13075536668,是,武汉朝阳小区3号楼东门
FB-20260819-M0012,scan_qr,路人社区,投诉,P3,已闭环,NX-BJ-0424,青岛,小区里车速有点快，建议限速，孩子多的地方危险,[投诉] 小区里车速有点快，建议限速，孩子多的地方危险,2026-08-19 09:04,2026-08-20 10:57,赵磊,5,马老板,,是,青岛驿站站点门口
FB-20260819-M0010,social_media,收件人,投诉,P2,已闭环,NX-QD-0050,无锡,包裹在车里放了一天才通知我取，里面生鲜都坏了,[投诉] 包裹在车里放了一天才通知我取，里面生鲜都坏了,2026-08-19 11:48,2026-08-19 14:31,陈杰,3,,,,无锡美食街路口
FB-20260819-M0004,scan_qr,RaaS商户,建议,P3,已闭环,NX-QD-0398,深圳,建议支持预约固定时段用车，我们每天下午都要发一批货,[建议] 建议支持预约固定时段用车，我们每天下午都要发一批货,2026-08-19 12:47,2026-08-19 18:51,王强,1,郑经理,,,
FB-20260819-M0018,hotline,收件人,建议,P3,已闭环,NX-BJ-0153,成都,建议取件通知提前十分钟发，不然赶不上车,[建议] 建议取件通知提前十分钟发，不然赶不上车,2026-08-19 12:59,2026-08-20 17:52,王强,5,,,是,成都中心医院门诊部门口
FB-20260819-M0006,hotline,收件人,体验,P2,已闭环,NX-BJ-0299,深圳,取件的格子太高，老人踮脚都够不着,[体验] 取件的格子太高，老人踮脚都够不着,2026-08-19 13:43,2026-08-20 10:50,张伟,5,,,,
FB-20260819-M0002,scan_qr,路人社区,体验,P2,已闭环,NX-SJZ-0500,青岛,车停在人行道正中间挡路，轮椅都过不去,[体验] 车停在人行道正中间挡路，轮椅都过不去,2026-08-19 15:42,2026-08-19 18:36,李娜,3,,,否,
FB-20260819-M0013,hotline,路人社区,体验,P2,已闭环,NX-BJ-0124,无锡,半夜车经过提示音太响，吵得没法睡觉,[体验] 半夜车经过提示音太响，吵得没法睡觉,2026-08-19 17:06,2026-08-19 20:03,王强,4,,13342811390,,无锡幸福里小区西门
FB-20260819-M0014,scan_qr,RaaS商户,体验,P2,已闭环,NX-SZ-0139,苏州,车到了以后找不到具体停哪，电话也没人接，转了两圈才找到,[体验] 车到了以后找不到具体停哪，电话也没人接，转了两圈才找到,2026-08-19 18:07,2026-08-20 01:09,王强,5,马老板,13359096056,,苏州朝阳小区3号楼东门
FB-20260819-M0003,social_media,收件人,投诉,P2,已闭环,NX-QD-0358,北京,包裹在车里放了一天才通知我取，里面生鲜都坏了,[投诉] 包裹在车里放了一天才通知我取，里面生鲜都坏了,2026-08-19 18:17,2026-08-20 11:48,李娜,1,,13134352408,是,
FB-20260819-M0016,hotline,路人社区,安全,P0,已闭环,NX-SJZ-0435,无锡,车过路口没让行人，差点撞到推婴儿车的，太危险了,[安全] 车过路口没让行人，差点撞到推婴儿车的，太危险了,2026-08-19 19:06,2026-08-19 20:06,陈杰,3,,,是,
FB-20260819-M0017,wechat_group,网点经理,建议,P3,已闭环,NX-SJZ-0396,深圳,建议给网点开个数据后台，能看每台车每天跑了多少单,[建议] 建议给网点开个数据后台，能看每台车每天跑了多少单,2026-08-19 19:11,2026-08-20 00:28,王强,4,,13285155333,是,
FB-20260819-M0020,wechat_group,快递员,体验,P2,已闭环,NX-SZ-0485,青岛,雨天车速特别慢，比平时晚了18分钟，能不能优化下,[体验] 雨天车速特别慢，比平时晚了18分钟，能不能优化下,2026-08-19 19:53,2026-08-20 12:35,赵磊,5,,13703943804,是,
FB-20260819-M0001,social_media,收件人,建议,P3,已闭环,NX-QD-0383,苏州,建议取件通知提前十分钟发，不然赶不上车,[建议] 建议取件通知提前十分钟发，不然赶不上车,2026-08-19 20:13,2026-08-21 03:51,陈杰,4,,,是,
FB-20260819-M0019,scan_qr,路人社区,投诉,P3,已闭环,NX-SJZ-0058,成都,小区里车速有点快，建议限速，孩子多的地方危险,[投诉] 小区里车速有点快，建议限速，孩子多的地方危险,2026-08-19 20:57,2026-08-20 09:48,张伟,5,孙先生,,,
FB-20260819-M0005,wechat_group,网点经理,体验,P2,已闭环,NX-QD-0398,天水,大促期间车次不够用，能不能临时加车？上报了36天没回音,[体验] 大促期间车次不够用，能不能临时加车？上报了36天没回音,2026-08-19 21:26,2026-08-20 05:15,刘敏,3,,,,天水科技园南门斑马线
FB-20260820-M0017,hotline,收件人,建议,P3,已闭环,NX-TS-0126,无锡,建议取件通知提前十分钟发，不然赶不上车,[建议] 建议取件通知提前十分钟发，不然赶不上车,2026-08-20 00:23,2026-08-20 01:21,李娜,4,,13739500334,是,
FB-20260820-M0015,scan_qr,快递员,体验,P2,已闭环,NX-TS-0024,成都,装货的时候柜格分配不合理，大件塞不进去只能空着跑,[体验] 装货的时候柜格分配不合理，大件塞不进去只能空着跑,2026-08-20 01:17,2026-08-20 20:16,刘敏,5,,,否,
FB-20260820-M0021,wechat_group,网点经理,建议,P3,已闭环,NX-QD-0185,北京,希望合同里明确雨雪天停运的责任划分,[建议] 希望合同里明确雨雪天停运的责任划分,2026-08-20 02:00,2026-08-20 04:58,赵磊,3,马老板,13916247554,是,
FB-20260820-M0034,hotline,网点经理,建议,P3,已闭环,NX-TS-0373,石家庄,建议给网点开个数据后台，能看每台车每天跑了多少单,[建议] 建议给网点开个数据后台，能看每台车每天跑了多少单,2026-08-20 02:16,2026-08-21 13:18,王强,3,吴师傅,,否,
FB-20260820-M0025,didi_review,RaaS商户,建议,P3,已闭环,NX-SJZ-0415,成都,建议支持预约固定时段用车，我们每天下午都要发一批货,[建议] 建议支持预约固定时段用车，我们每天下午都要发一批货,2026-08-20 02:32,2026-08-20 15:03,王强,4,,,,成都朝阳小区3号楼东门
FB-20260820-M0005,hotline,快递员,建议,P3,已闭环,NX-TS-0286,北京,建议增加夜间接驳班次，早上到岗就能直接派件,[建议] 建议增加夜间接驳班次，早上到岗就能直接派件,2026-08-20 02:36,2026-08-22 01:49,陈杰,4,钱先生,,否,北京幸福里小区西门
FB-20260820-M0020,wechat_group,快递员,建议,P3,已闭环,NX-SZ-0255,成都,建议增加夜间接驳班次，早上到岗就能直接派件,[建议] 建议增加夜间接驳班次，早上到岗就能直接派件,2026-08-20 03:05,2026-08-21 14:53,陈杰,4,孙先生,,否,
FB-20260820-M0032,wechat_group,网点经理,建议,P3,已闭环,NX-TS-0212,杭州,建议给网点开个数据后台，能看每台车每天跑了多少单,[建议] 建议给网点开个数据后台，能看每台车每天跑了多少单,2026-08-20 05:36,2026-08-20 14:58,张伟,5,,,否,杭州写字楼大堂快递点
FB-20260820-M0001,hotline,收件人,投诉,P2,已闭环,NX-SZ-0354,天水,包裹在车里放了一天才通知我取，里面生鲜都坏了,[投诉] 包裹在车里放了一天才通知我取，里面生鲜都坏了,2026-08-20 05:39,2026-08-21 02:36,王强,4,吴师傅,13474074821,否,
FB-20260820-M0031,hotline,收件人,体验,P2,已闭环,NX-TS-0014,天水,通知说车到楼下了，下去发现车已经开走了,[体验] 通知说车到楼下了，下去发现车已经开走了,2026-08-20 08:20,2026-08-21 07:18,赵磊,5,,,是,
FB-20260820-M0003,hotline,快递员,体验,P2,已闭环,NX-BJ-0134,天水,app上显示车已到，实际还差两条街，白跑一趟,[体验] app上显示车已到，实际还差两条街，白跑一趟,2026-08-20 08:30,2026-08-20 16:36,赵磊,5,郑经理,,是,天水美食街路口
FB-20260820-M0007,manual,监管方,投诉,P1,已闭环,NX-SZ-0226,青岛,贵司车辆占用消防通道停放，请24小时内整改并回复,[投诉] 贵司车辆占用消防通道停放，请24小时内整改并回复,2026-08-20 08:49,2026-08-20 12:00,张伟,5,,,,青岛生鲜超市收货区
FB-20260820-M0010,social_media,收件人,建议,P3,已闭环,NX-QD-0146,武汉,建议取件通知提前十分钟发，不然赶不上车,[建议] 建议取件通知提前十分钟发，不然赶不上车,2026-08-20 08:53,2026-08-21 03:21,赵磊,5,郑经理,,,
FB-20260820-M0004,manual,网点经理,建议,P3,已闭环,NX-SZ-0273,杭州,希望合同里明确雨雪天停运的责任划分,[建议] 希望合同里明确雨雪天停运的责任划分,2026-08-20 09:33,2026-08-20 16:05,刘敏,1,,,,
FB-20260820-M0019,scan_qr,RaaS商户,体验,P2,已闭环,NX-BJ-0386,石家庄,下单后等了39分钟车才到，比页面预估晚了一倍，急单只能改叫货拉拉,[体验] 下单后等了39分钟车才到，比页面预估晚了一倍，急单只能改叫货...,2026-08-20 09:52,2026-08-21 02:50,李娜,4,,,否,石家庄幼儿园门口接送区
FB-20260820-M0029,didi_review,RaaS商户,体验,P2,已闭环,NX-QD-0404,武汉,车到了以后找不到具体停哪，电话也没人接，转了两圈才找到,[体验] 车到了以后找不到具体停哪，电话也没人接，转了两圈才找到,2026-08-20 10:59,2026-08-20 18:32,张伟,4,,,,
FB-20260820-M0014,scan_qr,快递员,建议,P3,已闭环,NX-SZ-0059,成都,希望车上加个保温格，夏天生鲜件不敢放,[建议] 希望车上加个保温格，夏天生鲜件不敢放,2026-08-20 12:10,2026-08-21 17:26,陈杰,5,马老板,13380054522,,成都万达广场B1快递柜旁
FB-20260820-M0024,scan_qr,RaaS商户,投诉,P2,已闭环,NX-SZ-0220,天水,扫码开柜失败三次，货卡在车里取不出来，耽误我给客户交货,[投诉] 扫码开柜失败三次，货卡在车里取不出来，耽误我给客户交货,2026-08-20 12:43,2026-08-21 09:05,李娜,3,,13942376769,,
FB-20260820-M0035,hotline,监管方,投诉,P1,已闭环,NX-SZ-0391,武汉,贵司车辆占用消防通道停放，请24小时内整改并回复,[投诉] 贵司车辆占用消防通道停放，请24小时内整改并回复,2026-08-20 13:16,2026-08-20 20:29,陈杰,4,,,是,武汉写字楼大堂快递点
FB-20260820-M0030,scan_qr,快递员,故障,P1,已闭环,NX-BJ-0080,天水,车到驿站门口柜门打不开，急着派件，卡了快34分钟了,[故障] 车到驿站门口柜门打不开，急着派件，卡了快34分钟了,2026-08-20 14:45,2026-08-20 17:39,李娜,3,孙先生,13631403526,,
FB-20260820-M0033,hotline,RaaS商户,建议,P3,已闭环,NX-SZ-0077,北京,建议支持预约固定时段用车，我们每天下午都要发一批货,[建议] 建议支持预约固定时段用车，我们每天下午都要发一批货,2026-08-20 14:54,2026-08-21 19:12,王强,4,,13065031219,否,北京驿站站点门口
FB-20260820-M0008,scan_qr,快递员,体验,P2,已闭环,NX-BJ-0274,深圳,装货的时候柜格分配不合理，大件塞不进去只能空着跑,[体验] 装货的时候柜格分配不合理，大件塞不进去只能空着跑,2026-08-20 16:35,2026-08-20 18:44,张伟,3,,,否,深圳朝阳小区3号楼东门
FB-20260820-M0013,scan_qr,收件人,建议,P3,已闭环,NX-BJ-0161,杭州,建议取件通知提前十分钟发，不然赶不上车,[建议] 建议取件通知提前十分钟发，不然赶不上车,2026-08-20 17:08,2026-08-20 19:01,陈杰,3,吴师傅,,是,
FB-20260820-M0009,scan_qr,收件人,体验,P2,已闭环,NX-SZ-0500,成都,通知说车到楼下了，下去发现车已经开走了,[体验] 通知说车到楼下了，下去发现车已经开走了,2026-08-20 17:25,2026-08-20 23:08,张伟,4,朱女士,,否,成都写字楼大堂快递点
FB-20260820-M0002,hotline,快递员,建议,P3,已闭环,NX-BJ-0047,深圳,希望车上加个保温格，夏天生鲜件不敢放,[建议] 希望车上加个保温格，夏天生鲜件不敢放,2026-08-20 17:44,2026-08-22 06:26,赵磊,2,吴师傅,,否,深圳美食街路口
FB-20260820-M0026,hotline,收件人,建议,P3,已闭环,NX-SJZ-0061,武汉,建议取件通知提前十分钟发，不然赶不上车,[建议] 建议取件通知提前十分钟发，不然赶不上车,2026-08-20 17:49,2026-08-20 22:55,王强,5,朱女士,13652203684,否,武汉大学北门学生宿舍区
FB-20260820-M0016,wechat_group,快递员,建议,P3,已闭环,NX-SJZ-0158,无锡,希望车上加个保温格，夏天生鲜件不敢放,[建议] 希望车上加个保温格，夏天生鲜件不敢放,2026-08-20 18:01,2026-08-22 11:20,刘敏,5,周女士,,否,无锡地铁2号线C出口
FB-20260820-M0018,wechat_group,网点经理,建议,P3,已闭环,NX-TS-0111,天水,建议给网点开个数据后台，能看每台车每天跑了多少单,[建议] 建议给网点开个数据后台，能看每台车每天跑了多少单,2026-08-20 18:07,2026-08-21 20:00,刘敏,4,孙先生,,是,天水美食街路口
FB-20260820-M0012,social_media,收件人,体验,P2,已闭环,NX-SJZ-0089,武汉,取件码输了没反应，柜门不开，站在车边上等了40分钟,[体验] 取件码输了没反应，柜门不开，站在车边上等了40分钟,2026-08-20 18:24,2026-08-20 20:27,赵磊,5,,,,
FB-20260820-M0023,hotline,RaaS商户,体验,P2,已闭环,NX-TS-0308,天水,车到了以后找不到具体停哪，电话也没人接，转了两圈才找到,[体验] 车到了以后找不到具体停哪，电话也没人接，转了两圈才找到,2026-08-20 19:00,2026-08-21 16:44,陈杰,4,,,是,
FB-20260820-M0022,hotline,路人社区,投诉,P3,已闭环,NX-BJ-0324,苏州,小区里车速有点快，建议限速，孩子多的地方危险,[投诉] 小区里车速有点快，建议限速，孩子多的地方危险,2026-08-20 19:15,2026-08-21 22:08,陈杰,4,,13096262658,是,苏州科技园南门斑马线
FB-20260820-M0011,scan_qr,RaaS商户,体验,P2,已闭环,NX-SJZ-0452,杭州,车到了以后找不到具体停哪，电话也没人接，转了两圈才找到,[体验] 车到了以后找不到具体停哪，电话也没人接，转了两圈才找到,2026-08-20 19:18,2026-08-21 10:12,刘敏,5,,13718129826,否,杭州生鲜超市收货区
FB-20260820-M0028,hotline,快递员,故障,P1,已闭环,NX-QD-0212,无锡,车到驿站门口柜门打不开，急着派件，卡了快10分钟了,[故障] 车到驿站门口柜门打不开，急着派件，卡了快10分钟了,2026-08-20 20:37,2026-08-21 01:48,李娜,5,孙先生,13571343240,是,无锡科技园南门斑马线
FB-20260820-M0027,hotline,网点经理,建议,P3,已闭环,NX-SJZ-0345,北京,建议给网点开个数据后台，能看每台车每天跑了多少单,[建议] 建议给网点开个数据后台，能看每台车每天跑了多少单,2026-08-20 21:17,2026-08-21 19:19,李娜,3,,13506185380,,北京幼儿园门口接送区
FB-20260820-M0006,manual,网点经理,体验,P2,已闭环,NX-SJZ-0285,杭州,月租扣费对不上账，多扣了一次，找谁核对？,[体验] 月租扣费对不上账，多扣了一次，找谁核对？,2026-08-20 23:44,2026-08-21 03:33,李娜,4,,,否,
FB-20260821-M0005,hotline,网点经理,体验,P2,已闭环,NX-TS-0167,石家庄,大促期间车次不够用，能不能临时加车？上报了17天没回音,[体验] 大促期间车次不够用，能不能临时加车？上报了17天没回音,2026-08-21 02:27,2026-08-21 04:47,王强,4,吴师傅,,是,石家庄驿站站点门口
FB-20260821-M0001,hotline,RaaS商户,建议,P3,已闭环,NX-TS-0268,苏州,建议支持预约固定时段用车，我们每天下午都要发一批货,[建议] 建议支持预约固定时段用车，我们每天下午都要发一批货,2026-08-21 03:28,2026-08-21 08:52,陈杰,2,周女士,,是,
FB-20260821-M0002,social_media,收件人,建议,P3,已闭环,NX-BJ-0282,天水,建议取件通知提前十分钟发，不然赶不上车,[建议] 建议取件通知提前十分钟发，不然赶不上车,2026-08-21 04:28,2026-08-21 13:10,陈杰,3,,,,
FB-20260821-M0019,scan_qr,路人社区,投诉,P3,已闭环,NX-SZ-0437,武汉,小区里车速有点快，建议限速，孩子多的地方危险,[投诉] 小区里车速有点快，建议限速，孩子多的地方危险,2026-08-21 04:29,2026-08-22 09:46,王强,5,,,是,武汉地铁2号线C出口
FB-20260821-M0015,hotline,收件人,体验,P2,已闭环,NX-BJ-0492,成都,取件的格子太高，老人踮脚都够不着,[体验] 取件的格子太高，老人踮脚都够不着,2026-08-21 07:41,2026-08-21 17:50,陈杰,4,孙先生,,是,成都幼儿园门口接送区
FB-20260821-M0021,manual,网点经理,建议,P3,已闭环,NX-TS-0255,石家庄,希望合同里明确雨雪天停运的责任划分,[建议] 希望合同里明确雨雪天停运的责任划分,2026-08-21 09:41,2026-08-22 01:31,王强,5,,,,
FB-20260821-M0006,hotline,快递员,建议,P3,已闭环,NX-TS-0120,深圳,希望车上加个保温格，夏天生鲜件不敢放,[建议] 希望车上加个保温格，夏天生鲜件不敢放,2026-08-21 09:53,2026-08-22 09:56,刘敏,1,,13723950410,是,深圳生鲜超市收货区
FB-20260821-M0011,hotline,路人社区,体验,P2,已闭环,NX-SZ-0111,成都,半夜车经过提示音太响，吵得没法睡觉,[体验] 半夜车经过提示音太响，吵得没法睡觉,2026-08-21 09:59,2026-08-21 13:56,王强,3,朱女士,13072791033,否,
FB-20260821-M0017,hotline,收件人,建议,P3,已闭环,NX-SZ-0146,天水,建议取件通知提前十分钟发，不然赶不上车,[建议] 建议取件通知提前十分钟发，不然赶不上车,2026-08-21 14:04,2026-08-22 20:51,陈杰,5,,,是,天水美食街路口
FB-20260821-M0016,hotline,监管方,安全,P0,已闭环,NX-QD-0317,苏州,接群众举报贵司车辆在未报备路段运营，请立即说明情况,[安全] 接群众举报贵司车辆在未报备路段运营，请立即说明情况,2026-08-21 15:11,2026-08-21 16:31,刘敏,5,马老板,,是,
FB-20260821-M0018,manual,网点经理,故障,P1,已闭环,NX-TS-0220,天水,车辆充电桩故障，明早的班次跑不了，急需处理,[故障] 车辆充电桩故障，明早的班次跑不了，急需处理,2026-08-21 15:33,2026-08-21 23:07,陈杰,3,孙先生,,否,
FB-20260821-M0020,scan_qr,收件人,建议,P3,已闭环,NX-SJZ-0034,石家庄,建议取件通知提前十分钟发，不然赶不上车,[建议] 建议取件通知提前十分钟发，不然赶不上车,2026-08-21 16:10,2026-08-22 23:53,王强,4,朱女士,13251448811,,
FB-20260821-M0003,wechat_group,网点经理,建议,P3,已闭环,NX-TS-0018,北京,希望合同里明确雨雪天停运的责任划分,[建议] 希望合同里明确雨雪天停运的责任划分,2026-08-21 17:12,2026-08-23 14:13,刘敏,3,朱女士,,,北京万达广场B1快递柜旁
FB-20260821-M0004,manual,网点经理,建议,P3,已闭环,NX-SZ-0305,石家庄,希望合同里明确雨雪天停运的责任划分,[建议] 希望合同里明确雨雪天停运的责任划分,2026-08-21 17:19,2026-08-22 06:33,陈杰,5,冯阿姨,,否,石家庄幸福里小区西门
FB-20260821-M0008,didi_review,RaaS商户,体验,P2,已闭环,NX-TS-0112,武汉,下单后等了10分钟车才到，比页面预估晚了一倍，急单只能改叫货拉拉,[体验] 下单后等了10分钟车才到，比页面预估晚了一倍，急单只能改叫货...,2026-08-21 17:37,2026-08-22 02:17,赵磊,5,,,是,武汉幼儿园门口接送区
FB-20260821-M0014,hotline,网点经理,建议,P3,已闭环,NX-QD-0258,深圳,建议给网点开个数据后台，能看每台车每天跑了多少单,[建议] 建议给网点开个数据后台，能看每台车每天跑了多少单,2026-08-21 18:35,2026-08-22 04:33,赵磊,5,马老板,,是,深圳驿站站点门口
FB-20260821-M0013,social_media,收件人,体验,P2,已闭环,NX-SJZ-0136,杭州,取件的格子太高，老人踮脚都够不着,[体验] 取件的格子太高，老人踮脚都够不着,2026-08-21 18:54,2026-08-22 00:34,赵磊,1,孙先生,13653136148,,
FB-20260821-M0007,social_media,收件人,建议,P3,已闭环,NX-QD-0490,北京,建议取件通知提前十分钟发，不然赶不上车,[建议] 建议取件通知提前十分钟发，不然赶不上车,2026-08-21 19:00,2026-08-22 09:13,刘敏,3,钱先生,,否,北京驿站站点门口
FB-20260821-M0010,scan_qr,路人社区,体验,P2,已闭环,NX-BJ-0122,成都,车停在人行道正中间挡路，轮椅都过不去,[体验] 车停在人行道正中间挡路，轮椅都过不去,2026-08-21 19:37,2026-08-22 06:21,陈杰,2,,13822749545,,成都写字楼大堂快递点
FB-20260821-M0012,hotline,路人社区,投诉,P3,已闭环,NX-SZ-0339,石家庄,小区里车速有点快，建议限速，孩子多的地方危险,[投诉] 小区里车速有点快，建议限速，孩子多的地方危险,2026-08-21 20:55,2026-08-22 04:26,刘敏,4,,,否,石家庄幸福里小区西门
FB-20260821-M0009,scan_qr,快递员,体验,P2,已闭环,NX-QD-0029,深圳,雨天车速特别慢，比平时晚了7分钟，能不能优化下,[体验] 雨天车速特别慢，比平时晚了7分钟，能不能优化下,2026-08-21 23:22,2026-08-22 18:53,赵磊,4,,,是,深圳大学北门学生宿舍区
FB-20260822-M0006,hotline,RaaS商户,投诉,P2,已闭环,NX-BJ-0022,石家庄,扫码开柜失败三次，货卡在车里取不出来，耽误我给客户交货,[投诉] 扫码开柜失败三次，货卡在车里取不出来，耽误我给客户交货,2026-08-22 00:03,2026-08-22 20:03,刘敏,1,朱女士,13199410137,,
FB-20260822-M0016,social_media,收件人,建议,P3,已闭环,NX-TS-0199,成都,建议取件通知提前十分钟发，不然赶不上车,[建议] 建议取件通知提前十分钟发，不然赶不上车,2026-08-22 00:43,2026-08-22 07:18,陈杰,3,,,否,成都地铁2号线C出口
FB-20260822-M0007,manual,网点经理,故障,P1,已闭环,NX-BJ-0450,青岛,车辆充电桩故障，明早的班次跑不了，急需处理,[故障] 车辆充电桩故障，明早的班次跑不了，急需处理,2026-08-22 01:12,2026-08-22 05:37,陈杰,2,,,否,青岛幼儿园门口接送区
FB-20260822-M0001,wechat_group,快递员,建议,P3,已闭环,NX-SZ-0463,青岛,希望车上加个保温格，夏天生鲜件不敢放,[建议] 希望车上加个保温格，夏天生鲜件不敢放,2026-08-22 03:41,2026-08-24 03:38,张伟,3,,,,青岛生鲜超市收货区
FB-20260822-M0014,hotline,快递员,故障,P1,已闭环,NX-TS-0148,苏州,车到驿站门口柜门打不开，急着派件，卡了快19分钟了,[故障] 车到驿站门口柜门打不开，急着派件，卡了快19分钟了,2026-08-22 03:57,2026-08-22 04:43,赵磊,5,周女士,13966613473,是,苏州地铁2号线C出口
FB-20260822-M0003,manual,网点经理,故障,P1,已闭环,NX-SZ-0481,石家庄,车辆充电桩故障，明早的班次跑不了，急需处理,[故障] 车辆充电桩故障，明早的班次跑不了，急需处理,2026-08-22 08:02,2026-08-22 15:37,王强,5,周女士,13826758692,,
FB-20260822-M0008,social_media,收件人,投诉,P2,已闭环,NX-BJ-0098,北京,包裹在车里放了一天才通知我取，里面生鲜都坏了,[投诉] 包裹在车里放了一天才通知我取，里面生鲜都坏了,2026-08-22 08:29,2026-08-23 04:25,王强,5,,,是,北京驿站站点门口
FB-20260822-M0004,didi_review,RaaS商户,建议,P3,已闭环,NX-BJ-0071,成都,建议支持预约固定时段用车，我们每天下午都要发一批货,[建议] 建议支持预约固定时段用车，我们每天下午都要发一批货,2026-08-22 09:23,2026-08-23 23:38,赵磊,5,,,是,成都朝阳小区3号楼东门
FB-20260822-M0018,wechat_group,快递员,建议,P3,已闭环,NX-SJZ-0176,石家庄,希望车上加个保温格，夏天生鲜件不敢放,[建议] 希望车上加个保温格，夏天生鲜件不敢放,2026-08-22 09:32,2026-08-22 15:49,李娜,4,周女士,13152638409,,
FB-20260822-M0011,scan_qr,收件人,建议,P3,已闭环,NX-SZ-0377,杭州,建议取件通知提前十分钟发，不然赶不上车,[建议] 建议取件通知提前十分钟发，不然赶不上车,2026-08-22 09:56,2026-08-23 23:55,王强,5,孙先生,,否,
FB-20260822-M0005,scan_qr,路人社区,体验,P2,已闭环,NX-SJZ-0414,无锡,车停在人行道正中间挡路，轮椅都过不去,[体验] 车停在人行道正中间挡路，轮椅都过不去,2026-08-22 10:28,2026-08-22 21:55,赵磊,4,,,是,无锡万达广场B1快递柜旁
FB-20260822-M0009,scan_qr,收件人,投诉,P2,已闭环,NX-SJZ-0251,武汉,包裹在车里放了一天才通知我取，里面生鲜都坏了,[投诉] 包裹在车里放了一天才通知我取，里面生鲜都坏了,2026-08-22 13:51,2026-08-23 05:42,赵磊,4,,,否,武汉万达广场B1快递柜旁
FB-20260822-M0012,hotline,网点经理,体验,P2,已闭环,NX-BJ-0365,深圳,月租扣费对不上账，多扣了一次，找谁核对？,[体验] 月租扣费对不上账，多扣了一次，找谁核对？,2026-08-22 14:13,2026-08-22 17:12,陈杰,5,钱先生,13373149501,,深圳幼儿园门口接送区
FB-20260822-M0017,scan_qr,RaaS商户,建议,P3,已闭环,NX-QD-0223,无锡,建议支持预约固定时段用车，我们每天下午都要发一批货,[建议] 建议支持预约固定时段用车，我们每天下午都要发一批货,2026-08-22 15:54,2026-08-23 11:42,陈杰,5,,,,无锡幸福里小区西门
FB-20260822-M0010,wechat_group,网点经理,体验,P2,已闭环,NX-QD-0093,青岛,月租扣费对不上账，多扣了一次，找谁核对？,[体验] 月租扣费对不上账，多扣了一次，找谁核对？,2026-08-22 19:02,2026-08-23 05:54,李娜,1,,,是,青岛万达广场B1快递柜旁
FB-20260822-M0002,hotline,路人社区,体验,P2,已闭环,NX-SZ-0239,无锡,半夜车经过提示音太响，吵得没法睡觉,[体验] 半夜车经过提示音太响，吵得没法睡觉,2026-08-22 19:23,2026-08-23 10:49,刘敏,3,,,,
FB-20260822-M0013,hotline,路人社区,投诉,P3,已闭环,NX-SZ-0035,天水,小区里车速有点快，建议限速，孩子多的地方危险,[投诉] 小区里车速有点快，建议限速，孩子多的地方危险,2026-08-22 20:40,2026-08-24 06:14,王强,4,,,是,
FB-20260822-M0015,scan_qr,快递员,建议,P3,待回访,NX-TS-0426,武汉,希望车上加个保温格，夏天生鲜件不敢放,[建议] 希望车上加个保温格，夏天生鲜件不敢放,2026-08-22 22:43,,刘敏,,周女士,,否,
FB-20260823-M0024,wechat_group,快递员,建议,P3,处理中,NX-SZ-0091,青岛,建议增加夜间接驳班次，早上到岗就能直接派件,[建议] 建议增加夜间接驳班次，早上到岗就能直接派件,2026-08-23 00:09,,张伟,,,,,
FB-20260823-M0015,wechat_group,快递员,体验,P2,待回访,NX-BJ-0065,苏州,装货的时候柜格分配不合理，大件塞不进去只能空着跑,[体验] 装货的时候柜格分配不合理，大件塞不进去只能空着跑,2026-08-23 00:14,,刘敏,,,,是,
FB-20260823-M0014,social_media,收件人,建议,P3,已闭环,NX-TS-0379,北京,建议取件通知提前十分钟发，不然赶不上车,[建议] 建议取件通知提前十分钟发，不然赶不上车,2026-08-23 03:17,2026-08-24 10:39,赵磊,5,冯阿姨,,否,北京幼儿园门口接送区
FB-20260823-M0022,scan_qr,路人社区,体验,P2,处理中,NX-SJZ-0372,成都,半夜车经过提示音太响，吵得没法睡觉,[体验] 半夜车经过提示音太响，吵得没法睡觉,2026-08-23 04:15,,王强,,吴师傅,,,
FB-20260823-M0002,hotline,快递员,体验,P2,已闭环,NX-TS-0221,武汉,app上显示车已到，实际还差两条街，白跑一趟,[体验] app上显示车已到，实际还差两条街，白跑一趟,2026-08-23 05:20,2026-08-23 07:22,张伟,5,,,是,武汉生鲜超市收货区
FB-20260823-M0004,manual,网点经理,故障,P1,待回访,NX-SJZ-0243,北京,今天两台车同时趴窝，网点到驿站的接驳全断了，损失不小,[故障] 今天两台车同时趴窝，网点到驿站的接驳全断了，损失不小,2026-08-23 06:10,,王强,,吴师傅,,否,北京写字楼大堂快递点
FB-20260823-M0003,hotline,网点经理,故障,P1,处理中,NX-TS-0195,武汉,今天两台车同时趴窝，网点到驿站的接驳全断了，损失不小,[故障] 今天两台车同时趴窝，网点到驿站的接驳全断了，损失不小,2026-08-23 07:45,,张伟,,朱女士,,,
FB-20260823-M0020,social_media,路人社区,投诉,P3,待回访,NX-SJZ-0347,杭州,小区里车速有点快，建议限速，孩子多的地方危险,[投诉] 小区里车速有点快，建议限速，孩子多的地方危险,2026-08-23 08:15,,赵磊,,,13840215573,是,杭州大学北门学生宿舍区
FB-20260823-M0007,hotline,快递员,建议,P3,处理中,NX-BJ-0200,青岛,建议增加夜间接驳班次，早上到岗就能直接派件,[建议] 建议增加夜间接驳班次，早上到岗就能直接派件,2026-08-23 08:18,,李娜,,,13058025662,,青岛生鲜超市收货区
FB-20260823-M0023,scan_qr,收件人,建议,P3,已闭环,NX-SJZ-0039,青岛,建议取件通知提前十分钟发，不然赶不上车,[建议] 建议取件通知提前十分钟发，不然赶不上车,2026-08-23 08:58,2026-08-24 23:43,李娜,2,,,是,
FB-20260823-M0025,scan_qr,快递员,体验,P2,待处理,NX-SJZ-0009,无锡,app上显示车已到，实际还差两条街，白跑一趟,[体验] app上显示车已到，实际还差两条街，白跑一趟,2026-08-23 09:22,,李娜,,冯阿姨,,,无锡幸福里小区西门
FB-20260823-M0008,scan_qr,快递员,体验,P2,处理中,NX-SJZ-0242,苏州,app上显示车已到，实际还差两条街，白跑一趟,[体验] app上显示车已到，实际还差两条街，白跑一趟,2026-08-23 09:24,,王强,,,13041257771,是,
FB-20260823-M0018,scan_qr,收件人,建议,P3,已闭环,NX-TS-0477,杭州,建议取件通知提前十分钟发，不然赶不上车,[建议] 建议取件通知提前十分钟发，不然赶不上车,2026-08-23 12:52,2026-08-23 20:22,刘敏,5,孙先生,13386204485,是,杭州美食街路口
FB-20260823-M0012,manual,网点经理,体验,P2,待处理,NX-SJZ-0053,无锡,月租扣费对不上账，多扣了一次，找谁核对？,[体验] 月租扣费对不上账，多扣了一次，找谁核对？,2026-08-23 13:42,,陈杰,,,13505379538,是,
FB-20260823-M0017,social_media,收件人,建议,P3,处理中,NX-BJ-0330,苏州,建议取件通知提前十分钟发，不然赶不上车,[建议] 建议取件通知提前十分钟发，不然赶不上车,2026-08-23 14:26,,王强,,郑经理,13765817390,是,苏州生鲜超市收货区
FB-20260823-M0009,manual,监管方,安全,P0,待回访,NX-QD-0498,天水,接群众举报贵司车辆在未报备路段运营，请立即说明情况,[安全] 接群众举报贵司车辆在未报备路段运营，请立即说明情况,2026-08-23 16:46,,张伟,,孙先生,,是,天水地铁2号线C出口
FB-20260823-M0013,didi_review,RaaS商户,建议,P3,待处理,NX-SZ-0031,苏州,建议支持预约固定时段用车，我们每天下午都要发一批货,[建议] 建议支持预约固定时段用车，我们每天下午都要发一批货,2026-08-23 16:49,,李娜,,郑经理,,,
FB-20260823-M0010,manual,网点经理,体验,P2,待处理,NX-SJZ-0226,深圳,月租扣费对不上账，多扣了一次，找谁核对？,[体验] 月租扣费对不上账，多扣了一次，找谁核对？,2026-08-23 17:36,,王强,,马老板,13747219705,,深圳幼儿园门口接送区
FB-20260823-M0019,hotline,快递员,故障,P1,待处理,NX-SZ-0283,北京,车到驿站门口柜门打不开，急着派件，卡了快37分钟了,[故障] 车到驿站门口柜门打不开，急着派件，卡了快37分钟了,2026-08-23 18:01,,陈杰,,马老板,,,
FB-20260823-M0001,manual,网点经理,建议,P3,处理中,NX-BJ-0233,杭州,希望合同里明确雨雪天停运的责任划分,[建议] 希望合同里明确雨雪天停运的责任划分,2026-08-23 18:22,,张伟,,,,是,杭州中心医院门诊部门口
FB-20260823-M0011,hotline,收件人,体验,P2,待回访,NX-SZ-0082,成都,通知说车到楼下了，下去发现车已经开走了,[体验] 通知说车到楼下了，下去发现车已经开走了,2026-08-23 18:32,,陈杰,,孙先生,,是,成都万达广场B1快递柜旁
FB-20260823-M0006,manual,网点经理,建议,P3,待回访,NX-SZ-0259,无锡,希望合同里明确雨雪天停运的责任划分,[建议] 希望合同里明确雨雪天停运的责任划分,2026-08-23 19:33,,张伟,,孙先生,,否,无锡地铁2号线C出口
FB-20260823-M0005,manual,网点经理,建议,P3,已闭环,NX-BJ-0500,石家庄,希望合同里明确雨雪天停运的责任划分,[建议] 希望合同里明确雨雪天停运的责任划分,2026-08-23 20:03,2026-08-24 05:49,陈杰,4,,,是,石家庄生鲜超市收货区
FB-20260823-M0016,hotline,快递员,建议,P3,待回访,NX-SZ-0441,苏州,建议增加夜间接驳班次，早上到岗就能直接派件,[建议] 建议增加夜间接驳班次，早上到岗就能直接派件,2026-08-23 21:58,,赵磊,,孙先生,,是,
FB-20260823-M0021,scan_qr,收件人,建议,P3,待处理,NX-SZ-0449,无锡,建议取件通知提前十分钟发，不然赶不上车,[建议] 建议取件通知提前十分钟发，不然赶不上车,2026-08-23 23:30,,刘敏,,,13666155416,,无锡美食街路口
FB-20260824-M0009,hotline,监管方,投诉,P1,处理中,NX-SJZ-0360,成都,贵司车辆占用消防通道停放，请24小时内整改并回复,[投诉] 贵司车辆占用消防通道停放，请24小时内整改并回复,2026-08-24 03:20,,赵磊,,钱先生,,,成都中心医院门诊部门口
FB-20260824-M0007,wechat_group,快递员,建议,P3,处理中,NX-TS-0462,石家庄,建议增加夜间接驳班次，早上到岗就能直接派件,[建议] 建议增加夜间接驳班次，早上到岗就能直接派件,2026-08-24 03:30,,李娜,,冯阿姨,,,
FB-20260824-M0011,wechat_group,快递员,建议,P3,已闭环,NX-SZ-0417,无锡,希望车上加个保温格，夏天生鲜件不敢放,[建议] 希望车上加个保温格，夏天生鲜件不敢放,2026-08-24 04:28,2026-08-25 09:46,陈杰,3,,13762983347,否,无锡美食街路口
FB-20260824-M0013,hotline,网点经理,故障,P1,处理中,NX-QD-0421,北京,车辆充电桩故障，明早的班次跑不了，急需处理,[故障] 车辆充电桩故障，明早的班次跑不了，急需处理,2026-08-24 09:38,,刘敏,,,,是,
FB-20260824-M0003,hotline,RaaS商户,建议,P3,待处理,NX-QD-0371,杭州,建议支持预约固定时段用车，我们每天下午都要发一批货,[建议] 建议支持预约固定时段用车，我们每天下午都要发一批货,2026-08-24 12:36,,张伟,,马老板,13397187072,否,杭州驿站站点门口
FB-20260824-M0005,social_media,路人社区,投诉,P3,待处理,NX-SZ-0208,无锡,小区里车速有点快，建议限速，孩子多的地方危险,[投诉] 小区里车速有点快，建议限速，孩子多的地方危险,2026-08-24 14:39,,陈杰,,孙先生,,是,
FB-20260824-M0014,scan_qr,RaaS商户,建议,P3,待处理,NX-SZ-0201,苏州,建议支持预约固定时段用车，我们每天下午都要发一批货,[建议] 建议支持预约固定时段用车，我们每天下午都要发一批货,2026-08-24 18:08,,陈杰,,,,,苏州科技园南门斑马线
FB-20260824-M0002,hotline,网点经理,建议,P3,待处理,NX-QD-0064,北京,建议给网点开个数据后台，能看每台车每天跑了多少单,[建议] 建议给网点开个数据后台，能看每台车每天跑了多少单,2026-08-24 18:12,,王强,,,13486874034,是,
FB-20260824-M0001,wechat_group,网点经理,体验,P2,已闭环,NX-TS-0071,成都,大促期间车次不够用，能不能临时加车？上报了33天没回音,[体验] 大促期间车次不够用，能不能临时加车？上报了33天没回音,2026-08-24 18:23,2026-08-25 00:27,王强,4,马老板,13347359774,,成都科技园南门斑马线
FB-20260824-M0004,scan_qr,快递员,体验,P2,待处理,NX-QD-0139,深圳,装货的时候柜格分配不合理，大件塞不进去只能空着跑,[体验] 装货的时候柜格分配不合理，大件塞不进去只能空着跑,2026-08-24 18:23,,张伟,,孙先生,,,深圳幸福里小区西门
FB-20260824-M0016,wechat_group,网点经理,体验,P2,已闭环,NX-SJZ-0246,武汉,月租扣费对不上账，多扣了一次，找谁核对？,[体验] 月租扣费对不上账，多扣了一次，找谁核对？,2026-08-24 19:02,2026-08-25 13:52,陈杰,5,,,是,
FB-20260824-M0015,didi_review,RaaS商户,投诉,P2,待回访,NX-TS-0289,石家庄,扫码开柜失败三次，货卡在车里取不出来，耽误我给客户交货,[投诉] 扫码开柜失败三次，货卡在车里取不出来，耽误我给客户交货,2026-08-24 19:11,,张伟,,,,,石家庄科技园南门斑马线
FB-20260824-M0008,hotline,快递员,故障,P1,已闭环,NX-TS-0052,杭州,车到驿站门口柜门打不开，急着派件，卡了快33分钟了,[故障] 车到驿站门口柜门打不开，急着派件，卡了快33分钟了,2026-08-24 19:39,2026-08-24 20:38,王强,4,,13661963990,否,
FB-20260824-M0012,scan_qr,RaaS商户,体验,P2,处理中,NX-BJ-0472,成都,车到了以后找不到具体停哪，电话也没人接，转了两圈才找到,[体验] 车到了以后找不到具体停哪，电话也没人接，转了两圈才找到,2026-08-24 20:44,,张伟,,,13387875357,,成都美食街路口
FB-20260824-M0010,hotline,监管方,安全,P0,待回访,NX-TS-0033,成都,接群众举报贵司车辆在未报备路段运营，请立即说明情况,[安全] 接群众举报贵司车辆在未报备路段运营，请立即说明情况,2026-08-24 22:08,,李娜,,孙先生,,是,成都美食街路口
FB-20260824-M0006,hotline,RaaS商户,投诉,P2,处理中,NX-SZ-0072,无锡,运费比谈好的贵了，说是里程算法调整，事先没通知,[投诉] 运费比谈好的贵了，说是里程算法调整，事先没通知,2026-08-24 23:25,,陈杰,,钱先生,13554781376,,无锡美食街路口
FB-20260825-M0004,hotline,RaaS商户,建议,P3,已闭环,NX-SZ-0130,无锡,建议支持预约固定时段用车，我们每天下午都要发一批货,[建议] 建议支持预约固定时段用车，我们每天下午都要发一批货,2026-08-25 00:30,2026-08-26 07:45,李娜,4,冯阿姨,,,无锡中心医院门诊部门口
FB-20260825-M0030,hotline,网点经理,建议,P3,已闭环,NX-TS-0029,北京,希望合同里明确雨雪天停运的责任划分,[建议] 希望合同里明确雨雪天停运的责任划分,2026-08-25 00:42,2026-08-25 21:49,陈杰,4,,13016831139,是,北京万达广场B1快递柜旁
FB-20260825-M0027,manual,网点经理,体验,P2,待处理,NX-SZ-0326,苏州,大促期间车次不够用，能不能临时加车？上报了17天没回音,[体验] 大促期间车次不够用，能不能临时加车？上报了17天没回音,2026-08-25 01:01,,陈杰,,周女士,13716560945,是,苏州幼儿园门口接送区
FB-20260825-M0010,scan_qr,快递员,建议,P3,处理中,NX-BJ-0163,深圳,希望车上加个保温格，夏天生鲜件不敢放,[建议] 希望车上加个保温格，夏天生鲜件不敢放,2026-08-25 03:19,,刘敏,,钱先生,13103399378,,
FB-20260825-M0024,hotline,网点经理,故障,P1,处理中,NX-QD-0381,武汉,今天两台车同时趴窝，网点到驿站的接驳全断了，损失不小,[故障] 今天两台车同时趴窝，网点到驿站的接驳全断了，损失不小,2026-08-25 05:20,,刘敏,,,,,武汉大学北门学生宿舍区
FB-20260825-M0009,hotline,收件人,建议,P3,已闭环,NX-SZ-0456,武汉,建议取件通知提前十分钟发，不然赶不上车,[建议] 建议取件通知提前十分钟发，不然赶不上车,2026-08-25 06:40,2026-08-26 03:40,刘敏,4,冯阿姨,13678997308,是,武汉万达广场B1快递柜旁
FB-20260825-M0021,hotline,RaaS商户,建议,P3,已闭环,NX-TS-0266,杭州,建议支持预约固定时段用车，我们每天下午都要发一批货,[建议] 建议支持预约固定时段用车，我们每天下午都要发一批货,2026-08-25 06:45,2026-08-25 18:46,赵磊,4,,,是,杭州幼儿园门口接送区
FB-20260825-M0008,didi_review,RaaS商户,体验,P2,待回访,NX-QD-0195,青岛,下单后等了39分钟车才到，比页面预估晚了一倍，急单只能改叫货拉拉,[体验] 下单后等了39分钟车才到，比页面预估晚了一倍，急单只能改叫货...,2026-08-25 06:59,,刘敏,,,,否,青岛万达广场B1快递柜旁
FB-20260825-M0011,hotline,网点经理,体验,P2,已闭环,NX-QD-0307,苏州,月租扣费对不上账，多扣了一次，找谁核对？,[体验] 月租扣费对不上账，多扣了一次，找谁核对？,2026-08-25 08:24,2026-08-26 05:41,刘敏,5,马老板,13528961122,,苏州美食街路口
FB-20260825-M0013,wechat_group,快递员,建议,P3,待处理,NX-BJ-0064,无锡,建议增加夜间接驳班次，早上到岗就能直接派件,[建议] 建议增加夜间接驳班次，早上到岗就能直接派件,2026-08-25 08:51,,陈杰,,郑经理,,是,
FB-20260825-M0020,manual,网点经理,故障,P1,已闭环,NX-TS-0184,苏州,今天两台车同时趴窝，网点到驿站的接驳全断了，损失不小,[故障] 今天两台车同时趴窝，网点到驿站的接驳全断了，损失不小,2026-08-25 08:55,2026-08-25 14:57,赵磊,4,朱女士,13691128981,是,苏州生鲜超市收货区
FB-20260825-M0003,hotline,快递员,体验,P2,已闭环,NX-SJZ-0246,武汉,装货的时候柜格分配不合理，大件塞不进去只能空着跑,[体验] 装货的时候柜格分配不合理，大件塞不进去只能空着跑,2026-08-25 09:21,2026-08-25 18:46,王强,3,朱女士,,,武汉大学北门学生宿舍区
FB-20260825-M0017,wechat_group,网点经理,建议,P3,待回访,NX-SJZ-0038,北京,建议给网点开个数据后台，能看每台车每天跑了多少单,[建议] 建议给网点开个数据后台，能看每台车每天跑了多少单,2026-08-25 10:07,,李娜,,,,是,
FB-20260825-M0029,hotline,网点经理,建议,P3,待处理,NX-BJ-0223,青岛,希望合同里明确雨雪天停运的责任划分,[建议] 希望合同里明确雨雪天停运的责任划分,2026-08-25 10:23,,李娜,,,,是,青岛科技园南门斑马线
FB-20260825-M0007,hotline,路人社区,安全,P0,处理中,NX-SZ-0167,苏州,无人车在小区门口跟电动车剐蹭了，骑车人摔倒了，快来处理,[安全] 无人车在小区门口跟电动车剐蹭了，骑车人摔倒了，快来处理,2026-08-25 11:40,,张伟,,,13929111799,是,苏州美食街路口
FB-20260825-M0001,social_media,路人社区,体验,P2,待处理,NX-QD-0374,无锡,车停在人行道正中间挡路，轮椅都过不去,[体验] 车停在人行道正中间挡路，轮椅都过不去,2026-08-25 12:25,,王强,,,13868501429,,无锡幼儿园门口接送区
FB-20260825-M0015,social_media,路人社区,投诉,P3,已闭环,NX-SZ-0195,青岛,小区里车速有点快，建议限速，孩子多的地方危险,[投诉] 小区里车速有点快，建议限速，孩子多的地方危险,2026-08-25 12:58,2026-08-25 13:48,李娜,4,,13890972832,是,青岛朝阳小区3号楼东门
FB-20260825-M0006,hotline,收件人,建议,P3,处理中,NX-QD-0438,深圳,建议取件通知提前十分钟发，不然赶不上车,[建议] 建议取件通知提前十分钟发，不然赶不上车,2026-08-25 13:24,,刘敏,,冯阿姨,13434795527,否,
FB-20260825-M0018,scan_qr,收件人,建议,P3,待回访,NX-SJZ-0262,石家庄,建议取件通知提前十分钟发，不然赶不上车,[建议] 建议取件通知提前十分钟发，不然赶不上车,2026-08-25 14:13,,刘敏,,吴师傅,,是,
FB-20260825-M0014,didi_review,RaaS商户,建议,P3,待回访,NX-SJZ-0270,苏州,建议支持预约固定时段用车，我们每天下午都要发一批货,[建议] 建议支持预约固定时段用车，我们每天下午都要发一批货,2026-08-25 15:04,,赵磊,,朱女士,13155423401,是,苏州万达广场B1快递柜旁
FB-20260825-M0012,didi_review,RaaS商户,体验,P2,待处理,NX-BJ-0109,武汉,下单后等了26分钟车才到，比页面预估晚了一倍，急单只能改叫货拉拉,[体验] 下单后等了26分钟车才到，比页面预估晚了一倍，急单只能改叫货...,2026-08-25 15:30,,陈杰,,冯阿姨,,是,
FB-20260825-M0002,scan_qr,收件人,建议,P3,待回访,NX-SZ-0098,杭州,建议取件通知提前十分钟发，不然赶不上车,[建议] 建议取件通知提前十分钟发，不然赶不上车,2026-08-25 15:45,,陈杰,,朱女士,13171274846,,杭州驿站站点门口
FB-20260825-M0026,hotline,收件人,建议,P3,待回访,NX-TS-0488,武汉,建议取件通知提前十分钟发，不然赶不上车,[建议] 建议取件通知提前十分钟发，不然赶不上车,2026-08-25 17:55,,赵磊,,孙先生,,是,
FB-20260825-M0016,scan_qr,RaaS商户,投诉,P2,已闭环,NX-BJ-0068,北京,扫码开柜失败三次，货卡在车里取不出来，耽误我给客户交货,[投诉] 扫码开柜失败三次，货卡在车里取不出来，耽误我给客户交货,2026-08-25 19:10,2026-08-26 14:52,李娜,4,吴师傅,13376182091,是,北京朝阳小区3号楼东门
FB-20260825-M0025,hotline,RaaS商户,体验,P2,待回访,NX-BJ-0181,深圳,车到了以后找不到具体停哪，电话也没人接，转了两圈才找到,[体验] 车到了以后找不到具体停哪，电话也没人接，转了两圈才找到,2026-08-25 19:25,,张伟,,郑经理,,,深圳科技园南门斑马线
FB-20260825-M0031,hotline,收件人,投诉,P2,处理中,NX-SJZ-0306,青岛,取件时柜门夹了一下手，虽然没受伤但很吓人，要给个说法,[投诉] 取件时柜门夹了一下手，虽然没受伤但很吓人，要给个说法,2026-08-25 19:28,,李娜,,孙先生,,否,
FB-20260825-M0028,scan_qr,收件人,建议,P3,待处理,NX-QD-0144,石家庄,建议取件通知提前十分钟发，不然赶不上车,[建议] 建议取件通知提前十分钟发，不然赶不上车,2026-08-25 19:29,,李娜,,,,是,
FB-20260825-M0019,social_media,收件人,体验,P2,已闭环,NX-QD-0433,杭州,通知说车到楼下了，下去发现车已经开走了,[体验] 通知说车到楼下了，下去发现车已经开走了,2026-08-25 19:41,2026-08-26 05:37,陈杰,3,冯阿姨,,是,杭州生鲜超市收货区
FB-20260825-M0022,hotline,网点经理,建议,P3,待处理,NX-SZ-0071,深圳,建议给网点开个数据后台，能看每台车每天跑了多少单,[建议] 建议给网点开个数据后台，能看每台车每天跑了多少单,2026-08-25 19:46,,王强,,朱女士,,,
FB-20260825-M0005,social_media,收件人,投诉,P2,已闭环,NX-SJZ-0370,武汉,取件时柜门夹了一下手，虽然没受伤但很吓人，要给个说法,[投诉] 取件时柜门夹了一下手，虽然没受伤但很吓人，要给个说法,2026-08-25 23:35,2026-08-26 14:23,张伟,5,周女士,13454443283,,武汉大学北门学生宿舍区
FB-20260825-M0023,manual,监管方,安全,P0,待处理,NX-TS-0020,青岛,接群众举报贵司车辆在未报备路段运营，请立即说明情况,[安全] 接群众举报贵司车辆在未报备路段运营，请立即说明情况,2026-08-25 23:54,,陈杰,,马老板,13351295927,,青岛生鲜超市收货区
